name,sname,speed,code,i1,i2,i3,i4,i5,i6,phi,nodal
aSa,aSa,0.04106666875,ZZAZZYZ,0,0,1,0,0,-1,0,z
Sa,Sa,0.04106863,ZZAZZZZ,0,0,1,0,0,0,0,z
Ssa,Ssa,0.08213726,ZZBZZZZ,0,0,2,0,0,0,0,z
Sta,Sta,0.12320392875,ZZCZZYY,0,0,3,0,0,-1,270,x
MSm,MSm,0.471521118,ZAXAZZZ,0,1,-2,1,0,0,0,x
Mnum,Mnum,0.471521118,ZAXAZZZ,0,1,-2,1,0,0,0,x
Mm,Mm,0.544374622,ZAZYZZZ,0,1,0,-1,0,0,0,y
MSf,MSf,1.01589574,ZBXZZZZ,0,2,-2,0,0,0,0,b
MSo,MSo,1.01589574,ZBXZZZZ,0,2,-2,0,0,0,0,b
SM,SM,1.01589574,ZBXZZZZ,0,2,-2,0,0,0,0,x
Mf,Mf,1.098033,ZBZZZZZ,0,2,0,0,0,0,0,y
KOo,KOo,1.098033,ZBZZZZZ,0,2,0,0,0,0,0,x
MKo,MKo,1.098033,ZBZZZZZ,0,2,0,0,0,0,0,x
Snu,Snu,1.487416858,ZCVAZZZ,0,3,-4,1,0,0,0,x
SN,SN,1.560270362,ZCXYZZZ,0,3,-2,-1,0,0,0,x
MStm,MStm,1.569554118,ZCXAZZZ,0,3,-2,1,0,0,0,x
Mfm,Mfm,1.642407622,ZCZYZZZ,0,3,0,-1,0,0,0,a
2SM,2SM,2.03179148,ZDVZZZZ,0,4,-4,0,0,0,0,c
MSqm,MSqm,2.11392874,ZDXZZZZ,0,4,-2,0,0,0,0,b
Mqm,Mqm,2.186782244,ZDZXZZZ,0,4,0,-2,0,0,0,m
2SMN,2SMN,2.576166102,ZEVYZZZ,0,5,-4,-1,0,0,0,x
2Q1,2Q1,12.854286356,AWZBZZY,1,-3,0,2,0,0,270,o
1N.1j1,NJ1,12.854286356,AWZBZZY,1,-3,0,2,0,0,270,x
1V.1j1,nuJ1,12.92713986,AWBZZZY,1,-3,2,0,0,0,270,o
sig1,sig1,12.92713986,AWBZZZY,1,-3,2,0,0,0,270,o
Q1,Q1,13.398660978,AXZAZZY,1,-2,0,1,0,0,270,o
1N.1k1,NK1,13.398660978,AXZAZZZ,1,-2,0,1,0,0,0,x
rho1,rho1,13.471514482,AXBYZZY,1,-2,2,-1,0,0,270,o
1V.1k1,nuK1,13.471514482,AXBYZZY,1,-2,2,-1,0,0,270,x
O1,O1,13.9430356,AYZZZZY,1,-1,0,0,0,0,270,y
1M.1k1,MK1,13.9430356,AYZZZZY,1,-1,0,0,0,0,270,x
1M.1s1,MS1,13.98410423,AYAZZZB,1,-1,1,0,0,0,180,x
x1M.1p1,xMP1,14.02517286,AYBZZZZ,1,-1,2,0,0,0,0,m
1M.1p1,MP1,14.02517286,AYBZZZA,1,-1,2,0,0,0,90,m
tau1,tau1,14.02517286,AYBZZZA,1,-1,2,0,0,0,90,k
xM1B,xM1B,14.487410222,AZZYZZY,1,0,0,-1,0,0,270,y
M1B,M1B,14.487410222,AZZYZZA,1,0,0,-1,0,0,90,Y
M1C,M1C,14.4920521,AZZZZZZ,1,0,0,0,0,0,0,Y
xM1,xM1,14.4920521,AZZZZZA,1,0,0,0,0,0,90,Y
M1,M1,14.4920521,AZZZZZB,1,0,0,0,0,0,180,Y
1N.1o1,NO1,14.496693978,AZZAZZA,1,0,0,1,0,0,90,X
M1A,M1A,14.496693978,AZZAZZA,1,0,0,1,0,0,90,Y
aM1,aM1,14.496693978,AZZAZZA,1,0,0,1,0,0,90,y
1L.1p1,LP1,14.569547482,AZBYZZY,1,0,2,-1,0,0,270,x
chi1,chi1,14.569547482,AZBYZZA,1,0,2,-1,0,0,90,j
pi1,pi1,14.91786467125,AAWZZAY,1,1,-3,0,0,1,270,z
1T.1k1,TK1,14.91786467125,AAWZZAY,1,1,-3,0,0,1,270,x
P1,P1,14.95893134,AAXZZZY,1,1,-2,0,0,0,270,z
1S.1k1,SK1,14.95893134,AAXZZZZ,1,1,-2,0,0,0,0,x
xS1,xS1,14.99999997,AAYZZZZ,1,1,-1,0,0,0,0,z
S1,S1,14.99999997,AAYZZZB,1,1,-1,0,0,0,180,z
aS1,aS1,15.00000193125,AAYZZAA,1,1,-1,0,0,1,90,z
1S.1p1,SP1,15.0410686,AAZZZZZ,1,1,0,0,0,0,0,x
xK1,xK1,15.0410686,AAZZZZZ,1,1,0,0,0,0,0,y
1M.1o1,MO1,15.0410686,AAZZZZZ,1,1,0,0,0,0,0,x
K1,K1,15.0410686,AAZZZZA,1,1,0,0,0,0,90,y
1R.1p1,RP1,15.08213526875,AAAZZYY,1,1,1,0,0,-1,270,x
psi1,psi1,15.08213526875,AAAZZYA,1,1,1,0,0,-1,90,z
phi1,phi1,15.12320586,AABZZZA,1,1,2,0,0,0,90,j
1K.1p1,KP1,15.12320586,AABZZZA,1,1,2,0,0,0,90,x
1D.1o1,lamO1,15.512589718,ABXAZZY,1,2,-2,1,0,0,270,x
the1,the1,15.512589718,ABXAZZA,1,2,-2,1,0,0,90,j
1M.1q1,MQ1,15.585443222,ABZYZZZ,1,2,0,-1,0,0,0,x
J1,J1,15.585443222,ABZYZZA,1,2,0,-1,0,0,90,y
2p.1o1,2PO1,15.97482708,ACVZZZY,1,3,-4,0,0,0,270,x
x1S.1o1,xSO1,16.05696434,ACXZZZZ,1,3,-2,0,0,0,0,x
1S.1o1,SO1,16.05696434,ACXZZZA,1,3,-2,0,0,0,90,x
OO1,OO1,16.1391016,ACZZZZA,1,3,0,0,0,0,90,d
ups1,ups1,16.683476222,ADZYZZA,1,4,0,-1,0,0,90,d
1K.1q1,KQ1,16.683476222,ADZYZZA,1,4,0,-1,0,0,90,x
2M1N.2S2,2MN2S2,26.407938098,BUDAZZZ,2,-5,4,1,0,0,0,x
3M.1S1K2,3M(SK)2,26.87017546,BVBZZZZ,2,-4,2,0,0,0,0,x
x3M.1S1K2,3MKS2,26.87017546,BVBZZZZ,2,-4,2,0,0,0,0,x
2N.1S2,2NS2,26.879459216,BVBBZZZ,2,-4,2,2,0,0,0,x
3M.2S2,3M2S2,26.95231272,BVDZZZZ,2,-4,4,0,0,0,0,x
2N1K.2S2,2NK2S2,26.961596476,BVDBZZZ,2,-4,4,2,0,0,0,x
1o1q.2,OQ2,27.341696578,BWZAZZZ,2,-3,0,1,0,0,0,x
1M1N.1K2,MNK2,27.341696578,BWZAZZZ,2,-3,0,1,0,0,0,x
x1o1q.2,xOQ2,27.341696578,BWZAZZB,2,-3,0,1,0,0,180,x
1M1N.1S2,MNS2,27.423833838,BWBAZZZ,2,-3,2,1,0,0,0,x
eps2,eps2,27.423833838,BWBAZZZ,2,-3,2,1,0,0,0,m
1M1V.1S2,MnuS2,27.496687342,BWDYZZZ,2,-3,4,-1,0,0,0,x
2M1L.2S2,2ML2S2,27.496687342,BWDYZZB,2,-3,4,-1,0,0,180,x
1M1N1K.2S2,MNK2S2,27.505971098,BWDAZZZ,2,-3,4,1,0,0,0,x
2M1S.2K2,2MS2K2,27.80393394,BXXZZZZ,2,-2,-2,0,0,0,0,x
2M.1K2,2MK2,27.8860712,BXZZZZZ,2,-2,0,0,0,0,0,x
O2,O2,27.8860712,BXZZZZZ,2,-2,0,0,0,0,0,x
1N1L.1K2,NLK2,27.8860712,BXZZZZB,2,-2,0,0,0,0,180,x
2N2,2N2,27.895354956,BXZBZZZ,2,-2,0,2,0,0,0,m
mu2,mu2,27.96820846,BXBZZZZ,2,-2,2,0,0,0,0,m
2M.1S2,2MS2,27.96820846,BXBZZZZ,2,-2,2,0,0,0,0,x
1S1N.1K2,SNK2,28.357592318,BYXAZZZ,2,-1,-2,1,0,0,0,x
NA2,NA2,28.398660948,BYYAZZZ,2,-1,-1,1,0,0,0,f
aNA2,aNA2,28.39866290925,BYYAZAZ,2,-1,-1,1,0,1,0,f
N2,N2,28.439729578,BYZAZZZ,2,-1,0,1,0,0,0,m
1k1q.2,KQ2,28.439729578,BYZAZZZ,2,-1,0,1,0,0,0,x
NB2,NB2,28.48079624675,BYAAZYZ,2,-1,1,1,0,-1,0,f
NA2*,NA2*,28.480798208,BYAAZZZ,2,-1,1,1,0,0,0,f
nu2,nu2,28.512583082,BYBYZZZ,2,-1,2,-1,0,0,0,m
2K1N.2S2,2KN2S2,28.604004098,BYDAZZZ,2,-1,4,1,0,0,0,x
1M1S.1K2,MSK2,28.90196694,BZXZZZZ,2,0,-2,0,0,0,0,x
1o1p.2,OP2,28.90196694,BZXZZZZ,2,0,-2,0,0,0,0,x
x1o1p.2,xOP2,28.90196694,BZXZZZB,2,0,-2,0,0,0,180,x
gam2,gam2,28.911250696,BZXBZZB,2,0,-2,2,0,0,180,y
MA2,MA2,28.94303557,BZYZZZZ,2,0,-1,0,0,0,0,f
1M1p.1s2,MPS2,28.94303557,BZYZZZA,2,0,-1,0,0,0,90,x
alp2,alp2,28.94303753125,BZYZZAB,2,0,-1,0,0,1,180,y
1M1s.1k2,M(SK)2,28.94303753125,BZYZZAB,2,0,-1,0,0,1,180,x
M2,M2,28.9841042,BZZZZZZ,2,0,0,0,0,0,0,y
1k1o.2,KO2,28.9841042,BZZZZZZ,2,0,0,0,0,0,0,x
1M1k.1s2,M(KS)2,29.02517086875,BZAZZYZ,2,0,1,0,0,-1,0,x
1M1s.1p2,MSP2,29.02517283,BZAZZZY,2,0,1,0,0,0,270,x
MB2,MB2,29.02517283,BZAZZZZ,2,0,1,0,0,0,0,f
MA2*,MA2*,29.02517283,BZAZZZZ,2,0,1,0,0,0,0,f
1M1K.1S2,MKS2,29.06624146,BZBZZZZ,2,0,2,0,0,0,0,x
del2,del2,29.06624146,BZBZZZZ,2,0,2,0,0,0,0,y
2K1M.2S2,M2(KS)2,29.14837872,BZDZZZZ,2,0,4,0,0,0,0,x
x2K1M.2S2,2KM2S2,29.14837872,BZDZZZZ,2,0,4,0,0,0,0,x
2S1N.1M1K2,2SN(MK)2,29.373488058,BAVAZZZ,2,1,-4,1,0,0,0,x
lam2,lam2,29.455625318,BAXAZZB,2,1,-2,1,0,0,180,m
L2,L2,29.528478822,BAZYZZB,2,1,0,-1,0,0,180,y
2M.1N2,2MN2,29.528478822,BAZYZZB,2,1,0,-1,0,0,180,x
L2A,L2A,29.528478822,BAZYZZB,2,1,0,-1,0,0,180,p
L2B,L2B,29.537762578,BAZAZZZ,2,1,0,1,0,0,0,q
1N1K.1M2,NKM2,29.537762578,BAZAZZZ,2,1,0,1,0,0,0,x
2S.1K2,2SK2,29.91786268,BBVZZZZ,2,2,-4,0,0,0,0,x
T2,T2,29.95893327125,BBWZZAZ,2,2,-3,0,0,1,0,z
S2,S2,29.99999994,BBXZZZZ,2,2,-2,0,0,0,0,z
1k1p.2,KP2,29.99999994,BBXZZZZ,2,2,-2,0,0,0,0,x
R2,R2,30.04106660875,BBYZZYB,2,2,-1,0,0,-1,180,z
K2,K2,30.0821372,BBZZZZZ,2,2,0,0,0,0,0,y
1M1S.1V2,MSnu2,30.471521058,BCVAZZZ,2,3,-4,1,0,0,0,x
1M1S.1N2,MSN2,30.544374562,BCXYZZZ,2,3,-2,-1,0,0,0,x
xi2,xi2,30.553658318,BCXAZZZ,2,3,-2,1,0,0,0,y
eta2,eta2,30.626511822,BCZYZZZ,2,3,0,-1,0,0,0,y
1k1j.2,KJ2,30.626511822,BCZYZZB,2,3,0,-1,0,0,180,x
2K1M.1S1N2,2KM(SN)2,30.708649082,BCBYZZZ,2,3,2,-1,0,0,0,x
2S.1M2,2SM2,31.01589568,BDVZZZZ,2,4,-4,0,0,0,0,x
2M1S.2N2,2MS2N2,31.088749184,BDXXZZZ,2,4,-2,-2,0,0,0,x
1S1K.1M2,SKM2,31.09803294,BDXZZZZ,2,4,-2,0,0,0,0,x
2S.1V2,2Snu2,31.487416798,BETAZZZ,2,5,-6,1,0,0,0,x
3S1N.3M2,3(SM)N2,31.487416798,BETAZZZ,2,5,-6,1,0,0,0,x
2S.1N2,2SN2,31.560270302,BEVYZZZ,2,5,-4,-1,0,0,0,x
1S1K.1N2,SKN2,31.642407562,BEXYZZZ,2,5,-2,-1,0,0,0,x
3S.2M2,3S2M2,32.03179142,BFTZZZZ,2,6,-6,0,0,0,0,x
2S1K.2M2,2SK2M2,32.11392868,BFVZZZZ,2,6,-4,0,0,0,0,x
1M1q.3,MQ3,42.382765178,CXZAZZY,3,-2,0,1,0,0,270,x
1N1o.3,NO3,42.382765178,CXZAZZY,3,-2,0,1,0,0,270,x
x1M1q.3,xMQ3,42.382765178,CXZAZZZ,3,-2,0,1,0,0,0,x
x1N1o.3,xNO3,42.382765178,CXZAZZZ,3,-2,0,1,0,0,0,x
1M1o.3,MO3,42.9271398,CYZZZZY,3,-1,0,0,0,0,270,x
2M.1k3,2MK3,42.9271398,CYZZZZY,3,-1,0,0,0,0,270,x
x1M1o.3,xMO3,42.9271398,CYZZZZZ,3,-1,0,0,0,0,0,x
2N1k.1M3,2NKM3,42.936423556,CYZBZZA,3,-1,0,2,0,0,90,x
2M.1s3,2MS3,42.96820843,CYAZZZB,3,-1,1,0,0,0,180,x
2M.1p3,2MP3,43.00927706,CYBZZZA,3,-1,2,0,0,0,90,x
M3,M3,43.4761563,CZZZZZB,3,0,0,0,0,0,180,g
x1N1k.3,xNK3,43.480798178,CZZAZZZ,3,0,0,1,0,0,0,x
1N1k.3,NK3,43.480798178,CZZAZZA,3,0,0,1,0,0,90,x
1S1o.3,SO3,43.94303554,CAXZZZY,3,1,-2,0,0,0,270,x
1M1p.3,MP3,43.94303554,CAXZZZY,3,1,-2,0,0,0,270,x
x1M1p.3,xMP3,43.94303554,CAXZZZZ,3,1,-2,0,0,0,0,x
1M1s.3,MS3,43.98410417,CAYZZZB,3,1,-1,0,0,0,180,x
x1M1k.3,xMK3,44.0251728,CAZZZZZ,3,1,0,0,0,0,0,x
1M1k.3,MK3,44.0251728,CAZZZZA,3,1,0,0,0,0,90,x
1S1N.1o3,NSO3,44.496693918,CBXAZZA,3,2,-2,1,0,0,90,x
2M.1q3,2MQ3,44.569547422,CBZYZZA,3,2,0,-1,0,0,90,x
1S1p.3,SP3,44.95893128,CCVZZZY,3,3,-4,0,0,0,270,x
x1S1p.3,xSP3,44.95893128,CCVZZZZ,3,3,-4,0,0,0,0,x
S3,S3,44.99999991,CCWZZZB,3,3,-3,0,0,0,180,x
x1S1k.3,xSK3,45.04106854,CCXZZZZ,3,3,-2,0,0,0,0,x
1S1k.3,SK3,45.04106854,CCXZZZA,3,3,-2,0,0,0,90,x
K3,K3,45.1232058,CCZZZZZ,3,3,0,0,0,0,0,x
xK3,xK3,45.1232058,CCZZZZA,3,3,0,0,0,0,90,x
2S.1o3,2SO3,46.05696428,CEVZZZA,3,5,-4,0,0,0,90,x
4M.2S4,4M2S4,55.93641692,DVDZZZZ,4,-4,4,0,0,0,0,x
2M1N.1K4,2MNK4,56.325800778,DWZAZZZ,4,-3,0,1,0,0,0,x
3N.1M4,3NM4,56.335084534,DWZCZZZ,4,-3,0,3,0,0,0,x
2M1N.1S4,2MNS4,56.407938038,DWBAZZZ,4,-3,2,1,0,0,0,x
2M1V.1S4,2MnuS4,56.480791542,DWDYZZZ,4,-3,4,-1,0,0,0,x
3M.1K4,3MK4,56.8701754,DXZZZZZ,4,-2,0,0,0,0,0,x
1M1N1L.1K4,MNLK4,56.8701754,DXZZZZB,4,-2,0,0,0,0,180,x
N4,N4,56.879459156,DXZBZZZ,4,-2,0,2,0,0,0,x
3M.1S4,3MS4,56.95231266,DXBZZZZ,4,-2,2,0,0,0,0,x
2N1K.1S4,2NKS4,56.961596416,DXBBZZZ,4,-2,2,2,0,0,0,x
1M1S1N.1K4,MSNK4,57.341696518,DYXAZZZ,4,-1,-2,1,0,0,0,x
1M1N.4,MN4,57.423833778,DYZAZZZ,4,-1,0,1,0,0,0,x
1M1V.4,Mnu4,57.496687282,DYBYZZZ,4,-1,2,-1,0,0,0,x
2M1L.1S4,2MLS4,57.496687282,DYBYZZB,4,-1,2,-1,0,0,180,x
1M1N1K.1S4,MNKS4,57.505971038,DYBAZZZ,4,-1,2,1,0,0,0,x
2M1S.1K4,2MSK4,57.88607114,DZXZZZZ,4,0,-2,0,0,0,0,x
MA4,MA4,57.92713977,DZYZZZZ,4,0,-1,0,0,0,0,x
M4,M4,57.9682084,DZZZZZZ,4,0,0,0,0,0,0,x
2M1R.1S4,2MRS4,58.00927506875,DZAZZYB,4,0,1,0,0,-1,180,x
2M1K.1S4,2MKS4,58.05034566,DZBZZZZ,4,0,2,0,0,0,0,x
1S1N.4,SN4,58.439729518,DAXAZZZ,4,1,-2,1,0,0,0,x
3M.1N4,3MN4,58.512583022,DAZYZZZ,4,1,0,-1,0,0,0,x
1M1L.4,ML4,58.512583022,DAZYZZZ,4,1,0,-1,0,0,0,x
x1M1L.4,xML4,58.512583022,DAZYZZB,4,1,0,-1,0,0,180,x
x1N1K.4,KN4,58.521866778,DAZAZZZ,4,1,0,1,0,0,0,x
1N1K.4,NK4,58.521866778,DAZAZZZ,4,1,0,1,0,0,0,x
2S1M.1K4,2SMK4,58.90196688,DBVZZZZ,4,2,-4,0,0,0,0,x
1M1T.4,MT4,58.94303747125,DBWZZAZ,4,2,-3,0,0,1,0,x
1M1S.4,MS4,58.98410414,DBXZZZZ,4,2,-2,0,0,0,0,x
1M1R.4,MR4,59.02517080875,DBYZZYB,4,2,-1,0,0,-1,180,x
1M1K.4,MK4,59.0662414,DBZZZZZ,4,2,0,0,0,0,0,x
2S1N.1M4,2SNM4,59.455625258,DCVAZZZ,4,3,-4,1,0,0,0,x
2M1S.1N4,2MSN4,59.528478762,DCXYZZZ,4,3,-2,-1,0,0,0,x
x2M1S.1N4,x2MSN4,59.528478762,DCXYZZB,4,3,-2,-1,0,0,180,x
1S1L.4,SL4,59.528478762,DCXYZZB,4,3,-2,-1,0,0,180,x
2M1K.1N4,2MKN4,59.610616022,DCZYZZZ,4,3,0,-1,0,0,0,x
1S1T.4,ST4,59.95893321125,DDUZZAZ,4,4,-5,0,0,1,0,x
S4,S4,59.99999988,DDVZZZZ,4,4,-4,0,0,0,0,x
1S1K.4,SK4,60.08213714,DDXZZZZ,4,4,-2,0,0,0,0,x
K4,K4,60.1642744,DDZZZZZ,4,4,0,0,0,0,0,x
3S.1M4,3SM4,61.01589562,DFTZZZZ,4,6,-6,0,0,0,0,x
2S1K.1M4,2SKM4,61.09803288,DFVZZZZ,4,6,-4,0,0,0,0,x
2N1M1k.1S5,2NKMS5,70.904632016,EWBBZZA,5,-3,2,2,0,0,90,x
1M1N1o.5,MNO5,71.366869378,EXZAZZY,5,-2,0,1,0,0,270,x
2M1q.5,2MQ5,71.366869378,EXZAZZY,5,-2,0,1,0,0,270,x
3M.1k5,3MK5,71.911244,EYZZZZY,5,-1,0,0,0,0,270,x
2M1o.5,2MO5,71.911244,EYZZZZY,5,-1,0,0,0,0,270,x
2N1k.5,2NK5,71.920527756,EYZBZZA,5,-1,0,2,0,0,90,x
3M.1s5,3MS5,71.95231263,EYAZZZB,5,-1,1,0,0,0,180,x
3M.1p5,3MP5,71.99338126,EYBZZZA,5,-1,2,0,0,0,90,x
1S1N1o.5,NSO5,72.382765118,EZXAZZY,5,0,-2,1,0,0,270,x
xM5,xM5,72.4602605,EZZZZZA,5,0,0,0,0,0,90,g
M5,M5,72.4602605,EZZZZZB,5,0,0,0,0,0,180,g
aM5,aM5,72.464902378,EZZAZZA,5,0,0,1,0,0,90,g
1M1N1k.5,MNK5,72.464902378,EZZAZZA,5,0,0,1,0,0,90,x
MB5,MB5,72.50132913,EZAZZZA,5,0,1,0,0,0,90,x
1M1S1o.5,MSO5,72.92713974,EAXZZZY,5,1,-2,0,0,0,270,x
2M1p.5,2MP5,72.92713974,EAXZZZY,5,1,-2,0,0,0,270,x
2M1s.5,2MS5,72.96820837,EAYZZZB,5,1,-1,0,0,0,180,x
3M.1o5,3MO5,73.009277,EAZZZZA,5,1,0,0,0,0,90,x
2M1k.5,2MK5,73.009277,EAZZZZA,5,1,0,0,0,0,90,x
1S1N1k.5,NSK5,73.480798118,EBXAZZA,5,2,-2,1,0,0,90,x
3M.1q5,3MQ5,73.553651622,EBZYZZA,5,2,0,-1,0,0,90,x
1M1S1p.5,MSP5,73.94303548,ECVZZZY,5,3,-4,0,0,0,270,x
1M1S1k.5,MSK5,74.02517274,ECXZZZZ,5,3,-2,0,0,0,0,x
x1M1S1k.5,xMSK5,74.02517274,ECXZZZA,5,3,-2,0,0,0,90,x
3k1M.5,3KM5,74.10731,ECZZZZY,5,3,0,0,0,0,270,x
2S1p.5,2SP5,74.95893122,EETZZZY,5,5,-6,0,0,0,270,x
2S1k.5,2SK5,75.04106848,EEVZZZA,5,5,-4,0,0,0,90,x
1S1K1k.5,(SK)K5,75.12320574,EEXZZZA,5,5,-2,0,0,0,90,x
2M2N.1K6,2(MN)K6,84.765530356,FVZBZZZ,6,-4,0,2,0,0,0,x
5M.1S1K6,5MKS6,84.83838386,FVBZZZZ,6,-4,2,0,0,0,0,x
2M2N.1S6,2(MN)S6,84.847667616,FVBBZZZ,6,-4,2,2,0,0,0,x
5M.2S6,5M2S6,84.92052112,FVDZZZZ,6,-4,4,0,0,0,0,x
3M1N.1K6,3MNK6,85.309904978,FWZAZZZ,6,-3,0,1,0,0,0,x
N6,N6,85.319188734,FWZCZZZ,6,-3,0,3,0,0,0,x
3M1N.1S6,3MNS6,85.392042238,FWBAZZZ,6,-3,2,1,0,0,0,x
3N1K.1S6,3NKS6,85.401325994,FWBCZZZ,6,-3,2,3,0,0,0,x
3M1V.1S6,3MnuS6,85.464895742,FWDYZZZ,6,-3,4,-1,0,0,0,x
4M.1K6,4MK6,85.8542796,FXZZZZZ,6,-2,0,0,0,0,0,x
2N1M.6,2NM6,85.863563356,FXZBZZZ,6,-2,0,2,0,0,0,x
4M.1S6,4MS6,85.93641686,FXBZZZZ,6,-2,2,0,0,0,0,x
2N1M1K.1S6,2NMKS6,85.945700616,FXBBZZZ,6,-2,2,2,0,0,0,x
2M1S1N.1K6,2MSNK6,86.325800718,FYXAZZZ,6,-1,-2,1,0,0,0,x
2M1N.6,2MN6,86.407937978,FYZAZZZ,6,-1,0,1,0,0,0,x
2M1V.6,2Mnu6,86.480791482,FYBYZZZ,6,-1,2,-1,0,0,0,x
2M1N1K.1S6,2MNKS6,86.490075238,FYBAZZZ,6,-1,2,1,0,0,0,x
3M1S.1K6,3MSK6,86.87017534,FZXZZZZ,6,0,-2,0,0,0,0,x
MA6,MA6,86.91124397,FZYZZZZ,6,0,-1,0,0,0,0,x
M6,M6,86.9523126,FZZZZZZ,6,0,0,0,0,0,0,x
3M1K.1S6,3MKS6,87.03444986,FZBZZZZ,6,0,2,0,0,0,0,x
1M1N1T.6,MTN6,87.38276704925,FAWAZAZ,6,1,-3,1,0,1,0,x
1M1S1N.6,MSN6,87.423833718,FAXAZZZ,6,1,-2,1,0,0,0,x
4M.1N6,4MN6,87.496687222,FAZYZZZ,6,1,0,-1,0,0,0,x
2M1L.6,2ML6,87.496687222,FAZYZZB,6,1,0,-1,0,0,180,x
1M1N1K.6,MNK6,87.505970978,FAZAZZZ,6,1,0,1,0,0,0,x
x1M1N1K.6,MKN6,87.505970978,FAZAZZZ,6,1,0,1,0,0,0,x
1M1K1V.6,MKnu6,87.578824482,FABYZZZ,6,1,2,-1,0,0,0,x
2M2S.1K6,2(MS)K6,87.88607108,FBVZZZZ,6,2,-4,0,0,0,0,x
2M1T.6,2MT6,87.92714167125,FBWZZAZ,6,2,-3,0,0,1,0,x
2M1S.6,2MS6,87.96820834,FBXZZZZ,6,2,-2,0,0,0,0,x
2M1K.6,2MK6,88.0503456,FBZZZZZ,6,2,0,0,0,0,0,x
2S1N.6,2SN6,88.439729458,FCVAZZZ,6,3,-4,1,0,0,0,x
3M1T.1N6,3MTN6,88.47151629325,FCWYZAZ,6,3,-3,-1,0,1,0,x
3M1S.1N6,3MSN6,88.512582962,FCXYZZZ,6,3,-2,-1,0,0,0,x
1M1S1L.6,MSL6,88.512582962,FCXYZZB,6,3,-2,-1,0,0,180,x
x1S1N1K.6,NSK6,88.521866718,FCXAZZZ,6,3,-2,1,0,0,0,x
1S1N1K.6,SNK6,88.521866718,FCXAZZZ,6,3,-2,1,0,0,0,x
1M1K1L.6,MKL6,88.594720222,FCZYZZB,6,3,0,-1,0,0,180,x
3M1K.1N6,3MKN6,88.594720222,FCZYZZZ,6,3,0,-1,0,0,0,x
1M1S1T.6,MST6,88.94303741125,FDUZZAZ,6,4,-5,0,0,1,0,x
2S1M.6,2SM6,88.98410408,FDVZZZZ,6,4,-4,0,0,0,0,x
1M1S1K.6,MSK6,89.06624134,FDXZZZZ,6,4,-2,0,0,0,0,x
x1M1S1K.6,SKM6,89.06624134,FDXZZZZ,6,4,-2,0,0,0,0,x
2K1M.6,2KM6,89.1483786,FDZZZZZ,6,4,0,0,0,0,0,x
2M1S1T.1N6,2MSTN6,89.48741203325,FEUYZAZ,6,5,-5,-1,0,1,0,x
2M2S.1N6,2(MS)N6,89.528478702,FEVYZZZ,6,5,-4,-1,0,0,0,x
2M1S1K.1N6,2MSKN6,89.610615962,FEXYZZZ,6,5,-2,-1,0,0,0,x
S6,S6,89.99999982,FFTZZZZ,6,6,-6,0,0,0,0,x
2M1N1o.7,2MNO7,100.350973578,GXZAZZY,7,-2,0,1,0,0,270,x
3M1q.7,3MQ7,100.350973578,GXZAZZY,7,-2,0,1,0,0,270,x
4M.1k7,4MK7,100.8953482,GYZZZZY,7,-1,0,0,0,0,270,x
2N1M1k.7,2NMK7,100.904631956,GYZBZZA,7,-1,0,2,0,0,90,x
1M1S1N1o.7,MNSO7,101.366869318,GZXAZZY,7,0,-2,1,0,0,270,x
M7,M7,101.4443647,GZZZZZB,7,0,0,0,0,0,180,g
aM7,aM7,101.449006578,GZZAZZA,7,0,0,1,0,0,90,g
2M1N1k.7,2MNK7,101.449006578,GZZAZZA,7,0,0,1,0,0,90,x
1M1N1K1o.7,MNKO7,101.449006578,GZZAZZA,7,0,0,1,0,0,90,x
2M1S1o.7,2MSO7,101.91124394,GAXZZZY,7,1,-2,0,0,0,270,x
3M1k.7,3MK7,101.9933812,GAZZZZA,7,1,0,0,0,0,90,x
1M1S1K1o.7,MSKO7,103.00927694,GCXZZZY,7,3,-2,0,0,0,270,x
3M2N.1S8,3M2NS8,113.831771816,HVBBZZZ,8,-4,2,2,0,0,0,x
4M1N.1S8,4MNS8,114.376146438,HWBAZZZ,8,-3,2,1,0,0,0,x
5M.1K8,5MK8,114.8383838,HXZZZZZ,8,-2,0,0,0,0,0,x
2M2N.8,2(MN)8,114.847667556,HXZBZZZ,8,-2,0,2,0,0,0,x
5M.1S8,5MS8,114.92052106,HXBZZZZ,8,-2,2,0,0,0,0,x
2M2N1K.1S8,2(MN)KS8,114.929804816,HXBBZZZ,8,-2,2,2,0,0,0,x
3M1S1N.1K8,3MSNK8,115.309904918,HYXAZZZ,8,-1,-2,1,0,0,0,x
3M1N.8,3MN8,115.392042178,HYZAZZZ,8,-1,0,1,0,0,0,x
3M1V.8,3Mnu8,115.464895682,HYBYZZZ,8,-1,2,-1,0,0,0,x
3M1N1K.1S8,3MNKS8,115.474179438,HYBAZZZ,8,-1,2,1,0,0,0,x
4M1S.1K8,4MSK8,115.85427954,HZXZZZZ,8,0,-2,0,0,0,0,x
MA8,MA8,115.89534817,HZYZZZZ,8,0,-1,0,0,0,0,x
M8,M8,115.9364168,HZZZZZZ,8,0,0,0,0,0,0,x
4M1K.1S8,4MKS8,116.01855406,HZBZZZZ,8,0,2,0,0,0,0,x
2M1S1N.8,2MSN8,116.407937918,HAXAZZZ,8,1,-2,1,0,0,0,x
3M1L.8,3ML8,116.480791422,HAZYZZZ,8,1,0,-1,0,0,0,x
2M1N1K.8,2MNK8,116.490075178,HAZAZZZ,8,1,0,1,0,0,0,x
3M2S.1K8,3M2SK8,116.87017528,HBVZZZZ,8,2,-4,0,0,0,0,x
2S2N.8,2(NS)8,116.879459036,HBVBZZZ,8,2,-4,2,0,0,0,x
3M1T.8,3MT8,116.91124587125,HBWZZAZ,8,2,-3,0,0,1,0,x
3M1S.8,3MS8,116.95231254,HBXZZZZ,8,2,-2,0,0,0,0,x
3M1K.8,3MK8,117.0344498,HBZZZZZ,8,2,0,0,0,0,0,x
x2S1M1N.8,2SNM8,117.423833658,HCVAZZZ,8,3,-4,1,0,0,0,x
2S1M1N.8,2SMN8,117.423833658,HCVAZZZ,8,3,-4,1,0,0,0,x
2M1S1L.8,2MSL8,117.496687162,HCXYZZB,8,3,-2,-1,0,0,180,x
4M1S.1N8,4MSN8,117.496687162,HCXYZZZ,8,3,-2,-1,0,0,0,x
1M1S1N1K.8,MSNK8,117.505970918,HCXAZZZ,8,3,-2,1,0,0,0,x
2M1S1T.8,2MST8,117.92714161125,HDUZZAZ,8,4,-5,0,0,1,0,x
2M2S.8,2(MS)8,117.96820828,HDVZZZZ,8,4,-4,0,0,0,0,x
2M1S1K.8,2MSK8,118.05034554,HDXZZZZ,8,4,-2,0,0,0,0,x
2M2K.8,2(MK)8,118.1324828,HDZZZZZ,8,4,0,0,0,0,0,x
3S1N.8,3SN8,118.439729398,HETAZZZ,8,5,-6,1,0,0,0,x
2S1M1L.8,2SML8,118.512582902,HEVYZZB,8,5,-4,-1,0,0,180,x
2S1N1K.8,2SKN8,118.521866658,HEVAZZZ,8,5,-4,1,0,0,0,x
1M1S1K1L.8,MSKL8,118.594720162,HEXYZZB,8,5,-2,-1,0,0,180,x
3S1M.8,3SM8,118.98410402,HFTZZZZ,8,6,-6,0,0,0,0,x
2S1M1K.8,2SMK8,119.06624128,HFVZZZZ,8,6,-4,0,0,0,0,x
S8,S8,119.99999976,HHRZZZZ,8,8,-8,0,0,0,0,x
3M1N1o.9,3MNO9,129.335077778,IXZAZZY,9,-2,0,1,0,0,270,x
x2M2N1k.9,2M2NK9,129.888736156,IYZBZZA,9,-1,0,2,0,0,90,x
2M2N1k.9,2(MN)K9,129.888736156,IYZBZZA,9,-1,0,2,0,0,90,x
MA9,MA9,130.38740027,IZYZZZZ,9,0,-1,0,0,0,0,x
3M1N1k.9,3MNK9,130.433110778,IZZAZZA,9,0,0,1,0,0,90,x
4M1k.9,4MK9,130.9774854,IAZZZZA,9,1,0,0,0,0,90,x
3M1S1k.9,3MSK9,131.99338114,ICXZZZA,9,3,-2,0,0,0,90,x
5M1N.1S10,5MNS10,143.360250638,JWBAZZZ,10,-3,2,1,0,0,0,x
3M2N.10,3M2N10,143.831771756,JXZBZZZ,10,-2,0,2,0,0,0,x
6M.1S10,6MS10,143.90462526,JXBZZZZ,10,-2,2,0,0,0,0,x
3M2N1K.1S10,3M2NKS10,143.913909016,JXBBZZZ,10,-2,2,2,0,0,0,x
4M1S1N.1K10,4MSNK10,144.294009118,JYXAZZZ,10,-1,-2,1,0,0,0,x
4M1N.10,4MN10,144.376146378,JYZAZZZ,10,-1,0,1,0,0,0,x
4M1V.10,4Mnu10,144.448999882,JYBYZZZ,10,-1,2,-1,0,0,0,x
5M1S.1K10,5MSK10,144.83838374,JZXZZZZ,10,0,-2,0,0,0,0,x
M10,M10,144.920521,JZZZZZZ,10,0,0,0,0,0,0,x
5M1K.1S10,5MKS10,145.00265826,JZBZZZZ,10,0,2,0,0,0,0,x
3M1S1N.10,3MSN10,145.392042118,JAXAZZZ,10,1,-2,1,0,0,0,x
6M.1N10,6MN10,145.464895622,JAZYZZZ,10,1,0,-1,0,0,0,x
4M1L.10,4ML10,145.464895622,JAZYZZB,10,1,0,-1,0,0,180,x
3M1N1K.10,3MNK10,145.474179378,JAZAZZZ,10,1,0,1,0,0,0,x
2S2N1M.10,2(SN)M10,145.863563236,JBVBZZZ,10,2,-4,2,0,0,0,x
4M1S.10,4MS10,145.93641674,JBXZZZZ,10,2,-2,0,0,0,0,x
4M1K.10,4MK10,146.018554,JBZZZZZ,10,2,0,0,0,0,0,x
2M2S1N.10,2(MS)N10,146.407937858,JCVAZZZ,10,3,-4,1,0,0,0,x
5M1S.1N10,5MSN10,146.480791362,JCXYZZZ,10,3,-2,-1,0,0,0,x
2M1S1N1K.10,2MNSK10,146.490075118,JCXAZZZ,10,3,-2,1,0,0,0,x
3M2S.10,3M2S10,146.95231248,JDVZZZZ,10,4,-4,0,0,0,0,x
3M1S1K.10,3MSK10,147.03444974,JDXZZZZ,10,4,-2,0,0,0,0,x
3S1M1N.10,3SMN10,147.423833598,JETAZZZ,10,5,-6,1,0,0,0,x
4M2S.1N10,4M2SN10,147.496687102,JEVYZZZ,10,5,-4,-1,0,0,0,x
2S1M1N1K.10,2SMKN10,147.505970858,JEVAZZZ,10,5,-4,1,0,0,0,x
3S2M.10,3S2M10,147.96820822,JFTZZZZ,10,6,-6,0,0,0,0,x
2M2S1K.10,2(MS)K10,148.05034548,JFVZZZZ,10,6,-4,0,0,0,0,x
4M1S1k.11,4MSK11,160.97748534,KCXZZZA,11,3,-2,0,0,0,90,x
5M2N.1S12,5M2NS12,171.799980216,LVBBZZZ,12,-4,2,2,0,0,0,x
3M3N.12,3(MN)12,172.271501334,LWZCZZZ,12,-3,0,3,0,0,0,x
6M1N.1S12,6MNS12,172.344354838,LWBAZZZ,12,-3,2,1,0,0,0,x
4M2N.12,4M2N12,172.815875956,LXZBZZZ,12,-2,0,2,0,0,0,x
7M.1S12,7MS12,172.88872946,LXBZZZZ,12,-2,2,0,0,0,0,x
4M2N1K.1S12,4M2NKS12,172.898013216,LXBBZZZ,12,-2,2,2,0,0,0,x
5M1S1N.1K12,5MSNK12,173.278113318,LYXAZZZ,12,-1,-2,1,0,0,0,x
5M1N.12,5MN12,173.360250578,LYZAZZZ,12,-1,0,1,0,0,0,x
5M1V.12,5Mnu12,173.433104082,LYBYZZZ,12,-1,2,-1,0,0,0,x
6M1S.1K12,6MSK12,173.82248794,LZXZZZZ,12,0,-2,0,0,0,0,x
MA12,MA12,173.86355657,LZYZZZZ,12,0,-1,0,0,0,0,x
M12,M12,173.9046252,LZZZZZZ,12,0,0,0,0,0,0,x
4M1S1N.12,4MSN12,174.376146318,LAXAZZZ,12,1,-2,1,0,0,0,x
5M1L.12,5ML12,174.448999822,LAZYZZB,12,1,0,-1,0,0,180,x
4M1N1K.12,4MNK12,174.458283578,LAZAZZZ,12,1,0,1,0,0,0,x
2M2S2N.12,2(MSN)12,174.847667436,LBVBZZZ,12,2,-4,2,0,0,0,x
5M1T.12,5MT12,174.87945427125,LBWZZAZ,12,2,-3,0,0,1,0,x
5M1S.12,5MS12,174.92052094,LBXZZZZ,12,2,-2,0,0,0,0,x
5M1K.12,5MK12,175.0026582,LBZZZZZ,12,2,0,0,0,0,0,x
3M2S1N.12,3M2SN12,175.392042058,LCVAZZZ,12,3,-4,1,0,0,0,x
6M1S.1N12,6MSN12,175.464895562,LCXYZZZ,12,3,-2,-1,0,0,0,x
3M1S1N1K.12,3MNKS12,175.474179318,LCXAZZZ,12,3,-2,1,0,0,0,x
4M1S1T.12,4MST12,175.89535001125,LDUZZAZ,12,4,-5,0,0,1,0,x
4M2S.12,4M2S12,175.93641668,LDVZZZZ,12,4,-4,0,0,0,0,x
4M1S1K.12,4MSK12,176.01855394,LDXZZZZ,12,4,-2,0,0,0,0,x
3M3S.12,3(MS)12,176.95231242,LFTZZZZ,12,6,-6,0,0,0,0,x
3M2S1K.12,3M2SK12,177.03444968,LFVZZZZ,12,6,-4,0,0,0,0,x
5M1S1N.14,5MSN14,203.360250518,NAXAZZZ,14,1,-2,1,0,0,0,x
5M1N1K.14,5MNK14,203.442387778,NAZAZZZ,14,1,0,1,0,0,0,x
6M1S.14,6MS14,203.90462514,NBXZZZZ,14,2,-2,0,0,0,0,x
