example_name,estimate_name,SpearmanR_all,SpearmanR_test,pick_auc,mean pick KL divergence,training lists,test lists,data_size,test_size,run_i,rand_seed
uci wine example,Stan inspection model,0.390831908461862,0.3843158677822574,0.542778125,inf,200,200,6497,5564,0,682143856
uci wine example,Stan utility model,0.4267965045197409,0.4186720951499296,0.8257718749999998,0.3453812424571114,200,200,6497,5564,0,682143856
uci wine example,logistic differences,0.4049169732321426,0.396996659038546,0.826684375,0.4169674873888441,200,200,6497,5564,0,682143856
uci wine example,"logistic items (posn=T, stop=T)",0.4324518381053205,0.4248061199835972,0.46656875,0.4686840492851827,200,200,6497,5564,0,682143856
uci wine example,"logistic items (posn=T, stop=F)",0.4285423585753992,0.420334311134752,0.83085,0.4080196166363314,200,200,6497,5564,0,682143856
uci wine example,"logistic items (posn=F, stop=T)",0.4155009965683226,0.4080772904681914,0.56015,0.4621083964425032,200,200,6497,5564,0,682143856
uci wine example,"logistic items (posn=F, stop=F)",0.3779850327839434,0.3704338990049218,0.5676562500000001,0.4617228049442989,200,200,6497,5564,0,682143856
uci wine example,observed score,0.5605043933786659,0.5537993000350411,0.5821156249999999,0.4607585293385687,200,200,6497,5564,0,682143856
uci wine example,Stan inspection model,0.4670303930559084,0.4609091038565689,0.6066687500000001,inf,200,200,6497,5570,1,664543176
uci wine example,Stan utility model,0.4695374212762337,0.4646011670219547,0.86314375,0.2990205568839668,200,200,6497,5570,1,664543176
uci wine example,logistic differences,0.4738947410317901,0.468471661900931,0.8615875,0.4108412676753917,200,200,6497,5570,1,664543176
uci wine example,"logistic items (posn=T, stop=T)",0.4112089936457646,0.4073132809544552,0.519065625,0.4653341285665021,200,200,6497,5570,1,664543176
uci wine example,"logistic items (posn=T, stop=F)",0.4627520565149584,0.4595853107898502,0.862084375,0.4034230542622294,200,200,6497,5570,1,664543176
uci wine example,"logistic items (posn=F, stop=T)",0.4229721426351593,0.4187292948181998,0.5822437500000001,0.4616553064794194,200,200,6497,5570,1,664543176
uci wine example,"logistic items (posn=F, stop=F)",0.4830511026198817,0.4795242689442494,0.6008281249999999,0.4605674970049406,200,200,6497,5570,1,664543176
uci wine example,observed score,0.5557831433585302,0.5527815303258126,0.61944375,0.4592158281236745,200,200,6497,5570,1,664543176
uci wine example,Stan inspection model,0.4220374392582635,0.4190744104805757,0.542025,inf,200,200,6497,5574,2,1951374834
uci wine example,Stan utility model,0.4367378522928685,0.4312298987278257,0.823415625,0.3425937844907257,200,200,6497,5574,2,1951374834
uci wine example,logistic differences,0.4196315246666101,0.4135020114479218,0.8129593749999999,0.4232090291173144,200,200,6497,5574,2,1951374834
uci wine example,"logistic items (posn=T, stop=T)",0.296170817382351,0.2951108599300281,0.4529468749999999,0.4724886335049572,200,200,6497,5574,2,1951374834
uci wine example,"logistic items (posn=T, stop=F)",0.4432148757629472,0.43824011918447,0.8288843749999999,0.4141602681292297,200,200,6497,5574,2,1951374834
uci wine example,"logistic items (posn=F, stop=T)",0.2891751403412447,0.288057628941434,0.5222875,0.4651337598225438,200,200,6497,5574,2,1951374834
uci wine example,"logistic items (posn=F, stop=F)",0.3766746658907331,0.3739750674853059,0.5171250000000001,0.4647417245115853,200,200,6497,5574,2,1951374834
uci wine example,observed score,0.5570606323774795,0.5527822731515946,0.5883375,0.4606189478180662,200,200,6497,5574,2,1951374834
uci wine example,Stan inspection model,0.4065083710064405,0.4011390187195631,0.58525,0.4968216928071258,200,200,6497,5564,3,1716840369
uci wine example,Stan utility model,0.4099219583898124,0.4034014364927007,0.8263,0.3392002160679191,200,200,6497,5564,3,1716840369
uci wine example,logistic differences,0.4063300863279586,0.3999424239294561,0.816509375,0.4187666296056541,200,200,6497,5564,3,1716840369
uci wine example,"logistic items (posn=T, stop=T)",0.3827314900640929,0.3779446059523419,0.5156156249999999,0.4656553375504985,200,200,6497,5564,3,1716840369
uci wine example,"logistic items (posn=T, stop=F)",0.4060846529809379,0.3998162061969358,0.82715,0.4064656277519519,200,200,6497,5564,3,1716840369
uci wine example,"logistic items (posn=F, stop=T)",0.3727132151153926,0.3687422018163556,0.576875,0.459474233840276,200,200,6497,5564,3,1716840369
uci wine example,"logistic items (posn=F, stop=F)",0.2990829521138634,0.2962511137497687,0.5557812499999999,0.4625795937407909,200,200,6497,5564,3,1716840369
uci wine example,observed score,0.548657834191029,0.5400830666663156,0.612240625,0.458361657453054,200,200,6497,5564,3,1716840369
uci wine example,Stan inspection model,0.3852891314826826,0.3838726214690665,0.527546875,0.5388854475470999,200,200,6497,5555,4,1965675193
uci wine example,Stan utility model,0.3898434788562321,0.3875476021962805,0.842778125,0.3208453289245724,200,200,6497,5555,4,1965675193
uci wine example,logistic differences,0.3883254725215782,0.3866207632905778,0.8425343750000001,0.4131335209804728,200,200,6497,5555,4,1965675193
uci wine example,"logistic items (posn=T, stop=T)",0.4152209761776613,0.4133670454388691,0.4052875,0.4707624133083188,200,200,6497,5555,4,1965675193
uci wine example,"logistic items (posn=T, stop=F)",0.399872118408008,0.3966695911313125,0.84628125,0.4059567818302273,200,200,6497,5555,4,1965675193
uci wine example,"logistic items (posn=F, stop=T)",0.4089169021370361,0.4066991141532626,0.534921875,0.4632139782861956,200,200,6497,5555,4,1965675193
uci wine example,"logistic items (posn=F, stop=F)",0.3990535692340237,0.3972883213706429,0.550721875,0.4625165185000179,200,200,6497,5555,4,1965675193
uci wine example,observed score,0.5428874394357828,0.5429785244553247,0.5870124999999999,0.4605011670320436,200,200,6497,5555,4,1965675193
uci wine example,Stan inspection model,0.4699769984171305,0.4632866636363024,0.5969031249999999,inf,200,200,6497,5584,5,2138468723
uci wine example,Stan utility model,0.4861805327967209,0.4805036180710844,0.830671875,0.3362736149888609,200,200,6497,5584,5,2138468723
uci wine example,logistic differences,0.4774109217583061,0.4715307104727312,0.8232718750000001,0.416030704393258,200,200,6497,5584,5,2138468723
uci wine example,"logistic items (posn=T, stop=T)",0.4553618512476317,0.4507206342629294,0.415346875,0.4713496165096529,200,200,6497,5584,5,2138468723
uci wine example,"logistic items (posn=T, stop=F)",0.4764654562101827,0.4711518971335084,0.831490625,0.4103420592363601,200,200,6497,5584,5,2138468723
uci wine example,"logistic items (posn=F, stop=T)",0.4614981181698404,0.4566305964754584,0.583078125,0.4608072019475445,200,200,6497,5584,5,2138468723
uci wine example,"logistic items (posn=F, stop=F)",0.4602262455971067,0.4557794423777396,0.5931218749999999,0.4604193211759118,200,200,6497,5584,5,2138468723
uci wine example,observed score,0.5656072151111996,0.5619216395847128,0.6155250000000001,0.4584423661406681,200,200,6497,5584,5,2138468723
uci wine example,Stan inspection model,0.4300282674838908,0.4207612074234095,0.576221875,0.513903021955948,200,200,6497,5566,6,168654340
uci wine example,Stan utility model,0.4229729101582228,0.4148380862335568,0.851259375,0.310511874062529,200,200,6497,5566,6,168654340
uci wine example,logistic differences,0.4264425384853677,0.4186422427826237,0.84548125,0.4158541398008514,200,200,6497,5566,6,168654340
uci wine example,"logistic items (posn=T, stop=T)",0.309042978359912,0.2966541349709733,0.390528125,0.4757442370144037,200,200,6497,5566,6,168654340
uci wine example,"logistic items (posn=T, stop=F)",0.4063511896355897,0.3971297670563245,0.8533562499999999,0.4073074777229529,200,200,6497,5566,6,168654340
uci wine example,"logistic items (posn=F, stop=T)",0.3123959337698664,0.3006152982325984,0.570153125,0.4620634193585729,200,200,6497,5566,6,168654340
uci wine example,"logistic items (posn=F, stop=F)",0.3452107893483466,0.3380738203723235,0.556315625,0.462553505155323,200,200,6497,5566,6,168654340
uci wine example,observed score,0.5589471462067438,0.5513808973314039,0.6413625,0.4566218159269503,200,200,6497,5566,6,168654340
uci wine example,Stan inspection model,0.4543710161135714,0.4536005766291448,0.571559375,inf,200,200,6497,5559,7,305440497
uci wine example,Stan utility model,0.4645691301536166,0.4604150624054194,0.8438125000000001,0.3223984669398739,200,200,6497,5559,7,305440497
uci wine example,logistic differences,0.4675738345400301,0.4636642372387722,0.8452875000000001,0.4091524309715683,200,200,6497,5559,7,305440497
uci wine example,"logistic items (posn=T, stop=T)",0.4284392584420071,0.4218439649562097,0.605225,0.4577457358521469,200,200,6497,5559,7,305440497
uci wine example,"logistic items (posn=T, stop=F)",0.4600233639141901,0.455266374283523,0.850121875,0.402188179896787,200,200,6497,5559,7,305440497
uci wine example,"logistic items (posn=F, stop=T)",0.4150018231559961,0.4089421810569174,0.5493718750000001,0.4623575888639727,200,200,6497,5559,7,305440497
uci wine example,"logistic items (posn=F, stop=F)",0.4533957543021267,0.4504291156792133,0.56001875,0.4620482726641977,200,200,6497,5559,7,305440497
uci wine example,observed score,0.5375258318795033,0.5324829718493234,0.5849500000000001,0.4602720126058472,200,200,6497,5559,7,305440497
uci wine example,Stan inspection model,0.4292696028513156,0.4203434040532803,0.5693937499999999,inf,200,200,6497,5572,8,1863865139
uci wine example,Stan utility model,0.3948252463263229,0.3874276616970705,0.8182343750000001,0.3627680844945151,200,200,6497,5572,8,1863865139
uci wine example,logistic differences,0.3863740135407695,0.3798889755800415,0.815234375,0.4146794572940274,200,200,6497,5572,8,1863865139
uci wine example,"logistic items (posn=T, stop=T)",0.3722564237345967,0.3634729089396888,0.512665625,0.465296211369134,200,200,6497,5572,8,1863865139
uci wine example,"logistic items (posn=T, stop=F)",0.3818121528976925,0.3747451608971606,0.8215875,0.4053384109439558,200,200,6497,5572,8,1863865139
uci wine example,"logistic items (posn=F, stop=T)",0.3628999101516673,0.3536795919669104,0.560378125,0.4612845585633113,200,200,6497,5572,8,1863865139
uci wine example,"logistic items (posn=F, stop=F)",0.3476913703908192,0.3416338172206476,0.5545125,0.4626862866563784,200,200,6497,5572,8,1863865139
uci wine example,observed score,0.551116920890419,0.5445550561882461,0.56000625,0.4614158172173824,200,200,6497,5572,8,1863865139
uci wine example,Stan inspection model,0.452980544577252,0.4561473112819615,0.59051875,inf,200,200,6497,5568,9,169061796
uci wine example,Stan utility model,0.4706546984476412,0.4745610023021053,0.87825,0.2818805352609319,200,200,6497,5568,9,169061796
uci wine example,logistic differences,0.459606787469915,0.4627843968387903,0.8736,0.4016268110799918,200,200,6497,5568,9,169061796
uci wine example,"logistic items (posn=T, stop=T)",0.425614752059261,0.4318369901997899,0.5253875,0.4637796558691449,200,200,6497,5568,9,169061796
uci wine example,"logistic items (posn=T, stop=F)",0.4699928463055137,0.4749387536498197,0.882865625,0.3954097371652498,200,200,6497,5568,9,169061796
uci wine example,"logistic items (posn=F, stop=T)",0.4281255743779931,0.4343742184795122,0.615178125,0.458618266428037,200,200,6497,5568,9,169061796
uci wine example,"logistic items (posn=F, stop=F)",0.4905731407390699,0.4903203545933811,0.63975,0.459276620978832,200,200,6497,5568,9,169061796
uci wine example,observed score,0.5538417687965727,0.5547524222837251,0.5999812499999999,0.4595085925957807,200,200,6497,5568,9,169061796
uci wine example,Stan inspection model,0.4636105941313446,0.4568676980802414,0.620084375,0.4717552915497746,200,200,6497,5568,10,356456227
uci wine example,Stan utility model,0.4553195176864842,0.4487318971238425,0.869075,0.2938203345795163,200,200,6497,5568,10,356456227
uci wine example,logistic differences,0.4556034262142195,0.4494093638064356,0.863078125,0.4158017897273127,200,200,6497,5568,10,356456227
uci wine example,"logistic items (posn=T, stop=T)",0.3662332804848749,0.3595699121513461,0.373503125,0.4741530742675258,200,200,6497,5568,10,356456227
uci wine example,"logistic items (posn=T, stop=F)",0.4498295882792723,0.443743877911715,0.8670156250000001,0.4099969703850307,200,200,6497,5568,10,356456227
uci wine example,"logistic items (posn=F, stop=T)",0.3816735642935717,0.3747943452303743,0.586609375,0.4596986432275556,200,200,6497,5568,10,356456227
uci wine example,"logistic items (posn=F, stop=F)",0.415523442746922,0.4101916954936629,0.60525625,0.4605928822359612,200,200,6497,5568,10,356456227
uci wine example,observed score,0.5498472520309906,0.5450928429238017,0.5603625,0.4613911927333726,200,200,6497,5568,10,356456227
uci wine example,Stan inspection model,0.3943681568227533,0.396199544410642,0.6076125,0.5001976823308794,200,200,6497,5567,11,388316183
uci wine example,Stan utility model,0.4048758102395521,0.4064878595915212,0.85133125,0.3184186943017953,200,200,6497,5567,11,388316183
uci wine example,logistic differences,0.3826956335866657,0.3848896609649958,0.850415625,0.4089845055981439,200,200,6497,5567,11,388316183
uci wine example,"logistic items (posn=T, stop=T)",0.3104862341306676,0.3105866766708549,0.577496875,0.4615092855529421,200,200,6497,5567,11,388316183
uci wine example,"logistic items (posn=T, stop=F)",0.4258953541305211,0.4273611880081188,0.8476312500000001,0.4018377835690088,200,200,6497,5567,11,388316183
uci wine example,"logistic items (posn=F, stop=T)",0.3015010124511079,0.3014119599590736,0.57085,0.461975469204215,200,200,6497,5567,11,388316183
uci wine example,"logistic items (posn=F, stop=F)",0.4144853870377036,0.4134466333174229,0.585971875,0.4612270157410373,200,200,6497,5567,11,388316183
uci wine example,observed score,0.5566261104564911,0.5539041537128967,0.600153125,0.4594032579141877,200,200,6497,5567,11,388316183
uci wine example,Stan inspection model,0.486996665518894,0.4896648335880127,0.60800625,0.4764698195873795,200,200,6497,5567,12,1962406242
uci wine example,Stan utility model,0.4838953991332789,0.4866963639027816,0.878959375,0.2817384256153954,200,200,6497,5567,12,1962406242
uci wine example,logistic differences,0.4774807309780917,0.4804541813144423,0.8736937500000002,0.4114895967374505,200,200,6497,5567,12,1962406242
uci wine example,"logistic items (posn=T, stop=T)",0.4930254200789505,0.4925780758480569,0.4466375000000001,0.4699281351936525,200,200,6497,5567,12,1962406242
uci wine example,"logistic items (posn=T, stop=F)",0.4940666176896489,0.4966757729950948,0.8767812500000001,0.4053981850784815,200,200,6497,5567,12,1962406242
uci wine example,"logistic items (posn=F, stop=T)",0.4981398133693778,0.4989345463187161,0.62498125,0.4594633478212406,200,200,6497,5567,12,1962406242
uci wine example,"logistic items (posn=F, stop=F)",0.4976783853262174,0.4999215607085951,0.63205625,0.4587492729264201,200,200,6497,5567,12,1962406242
uci wine example,observed score,0.5492665026244893,0.5490212264944332,0.625278125,0.4580687515990331,200,200,6497,5567,12,1962406242
uci wine example,Stan inspection model,0.4715173371552882,0.4660344310512996,0.5518624999999999,0.5228477788268748,200,200,6497,5574,13,772335818
uci wine example,Stan utility model,0.4719853318138934,0.4675321605079944,0.87293125,0.288073547455271,200,200,6497,5574,13,772335818
uci wine example,logistic differences,0.4832463792191098,0.4793161864112565,0.8742156249999999,0.4119954204828828,200,200,6497,5574,13,772335818
uci wine example,"logistic items (posn=T, stop=T)",0.4004009751082839,0.3980948690883631,0.39571875,0.4751042777729736,200,200,6497,5574,13,772335818
uci wine example,"logistic items (posn=T, stop=F)",0.4744710865310369,0.4712689750018721,0.8729,0.4051254013617629,200,200,6497,5574,13,772335818
uci wine example,"logistic items (posn=F, stop=T)",0.3937268768208796,0.3907443150581401,0.5461125,0.4621843642317048,200,200,6497,5574,13,772335818
uci wine example,"logistic items (posn=F, stop=F)",0.4548430749185315,0.4523404946804782,0.5630718750000001,0.4617839676262516,200,200,6497,5574,13,772335818
uci wine example,observed score,0.5568360287479479,0.553707692183795,0.522071875,0.4640650241067987,200,200,6497,5574,13,772335818
uci wine example,Stan inspection model,0.4740608038089491,0.4653904381564003,0.5905031249999999,inf,200,200,6497,5575,14,566571108
uci wine example,Stan utility model,0.497733535041294,0.4890484001739876,0.868359375,0.2940288189385593,200,200,6497,5575,14,566571108
uci wine example,logistic differences,0.4889994718334584,0.4806863877481041,0.8614125,0.4089059867625791,200,200,6497,5575,14,566571108
uci wine example,"logistic items (posn=T, stop=T)",0.4886114457500623,0.4806796705293152,0.54028125,0.4634803513347064,200,200,6497,5575,14,566571108
uci wine example,"logistic items (posn=T, stop=F)",0.5036051334870494,0.494805425093712,0.8708125,0.3994513525143618,200,200,6497,5575,14,566571108
uci wine example,"logistic items (posn=F, stop=T)",0.4838871925394851,0.4761965421887574,0.5854937499999999,0.4600685832699108,200,200,6497,5575,14,566571108
uci wine example,"logistic items (posn=F, stop=F)",0.4592962869177232,0.4510884357515822,0.5748375,0.4616195870549585,200,200,6497,5575,14,566571108
uci wine example,observed score,0.5523890626288633,0.5407804950623845,0.5815625,0.4603360305371156,200,200,6497,5575,14,566571108
uci wine example,Stan inspection model,0.374675614724965,0.3624344903385286,0.5794781250000001,0.5228814175128151,200,200,6497,5573,15,364254565
uci wine example,Stan utility model,0.3720223624480911,0.3598353976501589,0.81265,0.346605569057542,200,200,6497,5573,15,364254565
uci wine example,logistic differences,0.3751684147526684,0.3641487536916149,0.8129468750000001,0.4248386229832486,200,200,6497,5573,15,364254565
uci wine example,"logistic items (posn=T, stop=T)",0.3877881756339373,0.3765986466556729,0.444728125,0.4717272343089025,200,200,6497,5573,15,364254565
uci wine example,"logistic items (posn=T, stop=F)",0.3809702876049996,0.3689265937363852,0.816925,0.4187030608506054,200,200,6497,5573,15,364254565
uci wine example,"logistic items (posn=F, stop=T)",0.3775272640649604,0.3659210967156322,0.582853125,0.4591431496472098,200,200,6497,5573,15,364254565
uci wine example,"logistic items (posn=F, stop=F)",0.3651012418673432,0.354593909184943,0.540778125,0.462271820938873,200,200,6497,5573,15,364254565
uci wine example,observed score,0.5491794691966746,0.542202667108784,0.62904375,0.4577547857713921,200,200,6497,5573,15,364254565
uci wine example,Stan inspection model,0.4199616190032788,0.424912379536017,0.5446375,0.5129968999102729,200,200,6497,5573,16,984590868
uci wine example,Stan utility model,0.4445273687476769,0.450043695702545,0.818446875,0.3502362667847858,200,200,6497,5573,16,984590868
uci wine example,logistic differences,0.4458427904793265,0.4514228742461949,0.817021875,0.4187342053742968,200,200,6497,5573,16,984590868
uci wine example,"logistic items (posn=T, stop=T)",0.3928943780999466,0.3947455012472628,0.49088125,0.4687594381379472,200,200,6497,5573,16,984590868
uci wine example,"logistic items (posn=T, stop=F)",0.4055055537474595,0.410756020654703,0.819175,0.4124179478871193,200,200,6497,5573,16,984590868
uci wine example,"logistic items (posn=F, stop=T)",0.3963723424481297,0.3983296204487102,0.555328125,0.4619642484075773,200,200,6497,5573,16,984590868
uci wine example,"logistic items (posn=F, stop=F)",0.4795707786746176,0.485569508502577,0.5757875000000001,0.4622966013085073,200,200,6497,5573,16,984590868
uci wine example,observed score,0.5543807115159806,0.5550374803809003,0.54483125,0.4627651211948194,200,200,6497,5573,16,984590868
uci wine example,Stan inspection model,0.4775867881986192,0.4753813314627668,0.605853125,0.4921630389752455,200,200,6497,5561,17,1264351002
uci wine example,Stan utility model,0.4975883353648576,0.4960113318611563,0.8416250000000001,0.3195155260595286,200,200,6497,5561,17,1264351002
uci wine example,logistic differences,0.4893585271991886,0.4881010294271267,0.8332906250000001,0.4184895951149114,200,200,6497,5561,17,1264351002
uci wine example,"logistic items (posn=T, stop=T)",0.4326950051555973,0.4306457908077549,0.5618093749999999,0.4633481119081308,200,200,6497,5561,17,1264351002
uci wine example,"logistic items (posn=T, stop=F)",0.494984543563935,0.4935119190165588,0.83969375,0.4086944404784274,200,200,6497,5561,17,1264351002
uci wine example,"logistic items (posn=F, stop=T)",0.4247329871083936,0.4227551256329441,0.590515625,0.4591912276638374,200,200,6497,5561,17,1264351002
uci wine example,"logistic items (posn=F, stop=F)",0.4823039575392244,0.4815427551398042,0.58435625,0.460928303118804,200,200,6497,5561,17,1264351002
uci wine example,observed score,0.5650814628261598,0.5630801308430526,0.624140625,0.4580954373118893,200,200,6497,5561,17,1264351002
uci wine example,Stan inspection model,0.5179905374484233,0.5183921284132417,0.606021875,0.467271787697039,200,200,6497,5570,18,1718405262
uci wine example,Stan utility model,0.5081172202303689,0.5093559753599851,0.8378750000000001,0.3291146541510939,200,200,6497,5570,18,1718405262
uci wine example,logistic differences,0.5196493179247514,0.5213848800378827,0.842653125,0.4183913619288905,200,200,6497,5570,18,1718405262
uci wine example,"logistic items (posn=T, stop=T)",0.4206583280434749,0.4226953769902526,0.52034375,0.4652790410032131,200,200,6497,5570,18,1718405262
uci wine example,"logistic items (posn=T, stop=F)",0.4997659858605328,0.5017401210980438,0.835325,0.4104242109133652,200,200,6497,5570,18,1718405262
uci wine example,"logistic items (posn=F, stop=T)",0.4149331358844641,0.4165629136431302,0.6034124999999999,0.4596488616732163,200,200,6497,5570,18,1718405262
uci wine example,"logistic items (posn=F, stop=F)",0.4584673606992174,0.4582846666967321,0.6004562499999999,0.459478370309281,200,200,6497,5570,18,1718405262
uci wine example,observed score,0.5618318980552914,0.5609481775511375,0.626225,0.4582687614072154,200,200,6497,5570,18,1718405262
uci wine example,Stan inspection model,0.4493026963049954,0.442787585679206,0.590390625,0.5296703486191765,200,200,6497,5569,19,1324584049
uci wine example,Stan utility model,0.4561264827516308,0.4483211560838088,0.8335625000000001,0.3332371585585128,200,200,6497,5569,19,1324584049
uci wine example,logistic differences,0.4864529173559594,0.478383111787293,0.834178125,0.4174081240500699,200,200,6497,5569,19,1324584049
uci wine example,"logistic items (posn=T, stop=T)",0.4102930128457648,0.4060736371762103,0.5452718750000001,0.4640743729456622,200,200,6497,5569,19,1324584049
uci wine example,"logistic items (posn=T, stop=F)",0.4384037582340256,0.4302768474187293,0.828128125,0.4075591422076802,200,200,6497,5569,19,1324584049
uci wine example,"logistic items (posn=F, stop=T)",0.4087699376736672,0.4047848144774778,0.58403125,0.4606744514933421,200,200,6497,5569,19,1324584049
uci wine example,"logistic items (posn=F, stop=F)",0.4105590277124949,0.4013294064284801,0.604025,0.4595821382422433,200,200,6497,5569,19,1324584049
uci wine example,observed score,0.550965920671661,0.5384563008254301,0.596884375,0.4594737521183361,200,200,6497,5569,19,1324584049
uci wine example,Stan inspection model,0.3529119074304006,0.3494477435950993,0.54834375,inf,200,200,6497,5563,20,2117426095
uci wine example,Stan utility model,0.3518515305992764,0.3474036745373152,0.823378125,0.3413916014118821,200,200,6497,5563,20,2117426095
uci wine example,logistic differences,0.3650789332800033,0.3603061901760475,0.82975,0.4215729432755436,200,200,6497,5563,20,2117426095
uci wine example,"logistic items (posn=T, stop=T)",0.33372920933517,0.3289611864083272,0.4888625,0.4705405996732437,200,200,6497,5563,20,2117426095
uci wine example,"logistic items (posn=T, stop=F)",0.3354384056337472,0.3314561920755646,0.83035625,0.4147256698794973,200,200,6497,5563,20,2117426095
uci wine example,"logistic items (posn=F, stop=T)",0.3341639102821812,0.3286557079544963,0.535921875,0.4635717253507799,200,200,6497,5563,20,2117426095
uci wine example,"logistic items (posn=F, stop=F)",0.3192703879619971,0.3146599335106622,0.5455749999999999,0.462635883080531,200,200,6497,5563,20,2117426095
uci wine example,observed score,0.5425407174420146,0.5432717072858754,0.546028125,0.4627170175090354,200,200,6497,5563,20,2117426095
uci wine example,Stan inspection model,0.4450157730484493,0.4497546970926254,0.563825,inf,200,200,6497,5574,21,226314023
uci wine example,Stan utility model,0.448168658095234,0.4539549686986967,0.8528406250000001,0.3075040448486956,200,200,6497,5574,21,226314023
uci wine example,logistic differences,0.4526141018022115,0.4584410382648951,0.8548500000000001,0.4153303778233573,200,200,6497,5574,21,226314023
uci wine example,"logistic items (posn=T, stop=T)",0.366420376694815,0.370603387268401,0.5691218750000001,0.4640867172957058,200,200,6497,5574,21,226314023
uci wine example,"logistic items (posn=T, stop=F)",0.4323370899512048,0.4376367543662333,0.8499593750000001,0.4053187059656971,200,200,6497,5574,21,226314023
uci wine example,"logistic items (posn=F, stop=T)",0.3467089916926062,0.3508559763738729,0.5937343749999999,0.4602160128964435,200,200,6497,5574,21,226314023
uci wine example,"logistic items (posn=F, stop=F)",0.3966808427503521,0.3998689996043644,0.560984375,0.4623158099875062,200,200,6497,5574,21,226314023
uci wine example,observed score,0.5488502887567531,0.5524592370921686,0.58045,0.4609781881135055,200,200,6497,5574,21,226314023
uci wine example,Stan inspection model,0.3863279069173975,0.3863649404508917,0.613646875,0.4759599371329052,200,200,6497,5579,22,1047219578
uci wine example,Stan utility model,0.3680771947802977,0.3678592559850348,0.8371875,0.3259295257177533,200,200,6497,5579,22,1047219578
uci wine example,logistic differences,0.3603940453444124,0.3599865041483961,0.8310437500000001,0.4207741958095239,200,200,6497,5579,22,1047219578
uci wine example,"logistic items (posn=T, stop=T)",0.3840652700770267,0.3838316738067565,0.485053125,0.4703274391968475,200,200,6497,5579,22,1047219578
uci wine example,"logistic items (posn=T, stop=F)",0.39529374605076,0.3960850815200608,0.8414874999999999,0.4110425367816992,200,200,6497,5579,22,1047219578
uci wine example,"logistic items (posn=F, stop=T)",0.3837095556166652,0.3836001226176901,0.5786375,0.4600399352505835,200,200,6497,5579,22,1047219578
uci wine example,"logistic items (posn=F, stop=F)",0.3458358956296287,0.3446568000848253,0.606503125,0.4599797914429847,200,200,6497,5579,22,1047219578
uci wine example,observed score,0.561156318856337,0.5651290926622083,0.62636875,0.458045790314202,200,200,6497,5579,22,1047219578
uci wine example,Stan inspection model,0.4742176104755691,0.471023000489543,0.6061375,0.480604788861096,200,200,6497,5585,23,1214898181
uci wine example,Stan utility model,0.4330058721254948,0.4308868248897415,0.8421687499999999,0.3203155116968803,200,200,6497,5585,23,1214898181
uci wine example,logistic differences,0.4469511695503823,0.4441125317462657,0.8381875,0.420608529888031,200,200,6497,5585,23,1214898181
uci wine example,"logistic items (posn=T, stop=T)",0.2546862156148113,0.2543559005228791,0.4455218749999999,0.4696351379313371,200,200,6497,5585,23,1214898181
uci wine example,"logistic items (posn=T, stop=F)",0.4150051984272084,0.411863075727751,0.8340062500000001,0.4136635080721402,200,200,6497,5585,23,1214898181
uci wine example,"logistic items (posn=F, stop=T)",0.2605001167085397,0.2603854870074256,0.573734375,0.4612740022396831,200,200,6497,5585,23,1214898181
uci wine example,"logistic items (posn=F, stop=F)",0.4398363512689492,0.4353862916945389,0.571428125,0.4611968258157636,200,200,6497,5585,23,1214898181
uci wine example,observed score,0.5518420365359549,0.5454645857856768,0.601521875,0.4590960328389382,200,200,6497,5585,23,1214898181
uci wine example,Stan inspection model,0.3330122714290179,0.3332058037890886,0.51913125,0.5230923402041762,200,200,6497,5559,24,1476527152
uci wine example,Stan utility model,0.3592521569986122,0.3600108543651872,0.8512781250000001,0.3102395858590451,200,200,6497,5559,24,1476527152
uci wine example,logistic differences,0.3424162873192642,0.3433351681970907,0.8426031250000001,0.4163040069416453,200,200,6497,5559,24,1476527152
uci wine example,"logistic items (posn=T, stop=T)",0.3549863522721615,0.3557638469038595,0.44524375,0.4726247019303651,200,200,6497,5559,24,1476527152
uci wine example,"logistic items (posn=T, stop=F)",0.3676215371766414,0.3682875956658337,0.855571875,0.4075207889388536,200,200,6497,5559,24,1476527152
uci wine example,"logistic items (posn=F, stop=T)",0.3534796593159055,0.3541232991552795,0.5079750000000001,0.4644635537360039,200,200,6497,5559,24,1476527152
uci wine example,"logistic items (posn=F, stop=F)",0.3880706128780462,0.389680694459973,0.5206875,0.4637701631779871,200,200,6497,5559,24,1476527152
uci wine example,observed score,0.5614024891315242,0.5628140931133155,0.482940625,0.4657459670354913,200,200,6497,5559,24,1476527152
uci wine example,Stan inspection model,0.4561417229091932,0.4552963974247317,0.555065625,0.5687809541483877,200,200,6497,5568,25,9942083
uci wine example,Stan utility model,0.4742854128313432,0.4744176897040398,0.8603375,0.3005812628916114,200,200,6497,5568,25,9942083
uci wine example,logistic differences,0.4568678530940112,0.4558218936827429,0.852740625,0.4175745232003478,200,200,6497,5568,25,9942083
uci wine example,"logistic items (posn=T, stop=T)",0.4202366731473598,0.4209261760207961,0.398040625,0.4766525580547636,200,200,6497,5568,25,9942083
uci wine example,"logistic items (posn=T, stop=F)",0.4758703472014886,0.4767604300589464,0.8678000000000001,0.4092520377717347,200,200,6497,5568,25,9942083
uci wine example,"logistic items (posn=F, stop=T)",0.4329905269744711,0.4324427459626118,0.554440625,0.4615725616554211,200,200,6497,5568,25,9942083
uci wine example,"logistic items (posn=F, stop=F)",0.417254642204185,0.4188008658352022,0.5436156249999999,0.4627811473436894,200,200,6497,5568,25,9942083
uci wine example,observed score,0.5324018058541,0.5273574249650453,0.482903125,0.4661968348256115,200,200,6497,5568,25,9942083
uci wine example,Stan inspection model,0.442563418332574,0.4447319345499291,0.608275,0.4845935715724122,200,200,6497,5565,26,435067938
uci wine example,Stan utility model,0.4581700851316877,0.4605742610530402,0.8975593749999999,0.2614733902777367,200,200,6497,5565,26,435067938
uci wine example,logistic differences,0.4535647335627069,0.4549850226272842,0.892865625,0.4115826627984877,200,200,6497,5565,26,435067938
uci wine example,"logistic items (posn=T, stop=T)",0.4544152040228741,0.4565621222247039,0.44879375,0.4703514717102973,200,200,6497,5565,26,435067938
uci wine example,"logistic items (posn=T, stop=F)",0.4639239136097874,0.466171327186544,0.89854375,0.4023606877206405,200,200,6497,5565,26,435067938
uci wine example,"logistic items (posn=F, stop=T)",0.4556020128001546,0.4579515116840109,0.6058,0.4597553180328225,200,200,6497,5565,26,435067938
uci wine example,"logistic items (posn=F, stop=F)",0.4738901746516332,0.4763382760946776,0.5879875,0.4605371594454821,200,200,6497,5565,26,435067938
uci wine example,observed score,0.549339860915149,0.543485324983455,0.602065625,0.4595885246983278,200,200,6497,5565,26,435067938
uci wine example,Stan inspection model,0.3951592348425612,0.4031223699351938,0.549315625,inf,200,200,6497,5574,27,998835875
uci wine example,Stan utility model,0.4088765864933472,0.4149974923896581,0.8439749999999999,0.3234356900947205,200,200,6497,5574,27,998835875
uci wine example,logistic differences,0.4128352083641796,0.4182473419633296,0.8345312500000002,0.4192398094959682,200,200,6497,5574,27,998835875
uci wine example,"logistic items (posn=T, stop=T)",0.3970354577423023,0.4007315303604669,0.4248406250000001,0.4732402600344959,200,200,6497,5574,27,998835875
uci wine example,"logistic items (posn=T, stop=F)",0.3954435797475897,0.4014172422941134,0.84525625,0.4121302278840466,200,200,6497,5574,27,998835875
uci wine example,"logistic items (posn=F, stop=T)",0.396025249807414,0.3999895458322483,0.54655,0.4626164941547245,200,200,6497,5574,27,998835875
uci wine example,"logistic items (posn=F, stop=F)",0.4021779002274288,0.4045208005085016,0.5380843750000001,0.4633179483699607,200,200,6497,5574,27,998835875
uci wine example,observed score,0.5541480838923417,0.548020183741391,0.53796875,0.462861700451927,200,200,6497,5574,27,998835875
uci wine example,Stan inspection model,0.40538832970716,0.4012072948833292,0.57593125,inf,200,200,6497,5564,28,142202828
uci wine example,Stan utility model,0.4475318862539036,0.4390110187967553,0.870271875,0.293151759966742,200,200,6497,5564,28,142202828
uci wine example,logistic differences,0.4591379416621052,0.4511040776376128,0.86355625,0.4127325021337321,200,200,6497,5564,28,142202828
uci wine example,"logistic items (posn=T, stop=T)",0.4130368583940259,0.4056199402071164,0.41995,0.4712428071292346,200,200,6497,5564,28,142202828
uci wine example,"logistic items (posn=T, stop=F)",0.4166496671106929,0.4066238287104861,0.8679843749999999,0.4053715572148095,200,200,6497,5564,28,142202828
uci wine example,"logistic items (posn=F, stop=T)",0.4285709077966137,0.4211728748979558,0.599534375,0.4602101200153212,200,200,6497,5564,28,142202828
uci wine example,"logistic items (posn=F, stop=F)",0.3429267999595972,0.3318435284873305,0.546546875,0.463446711821819,200,200,6497,5564,28,142202828
uci wine example,observed score,0.5561785452790431,0.5489578185717056,0.584603125,0.4600383327263977,200,200,6497,5564,28,142202828
uci wine example,Stan inspection model,0.3582534234176733,0.3536429942314461,0.59563125,inf,200,200,6497,5564,29,2095132716
uci wine example,Stan utility model,0.4079534288362722,0.4051353393665474,0.878034375,0.2839488150647923,200,200,6497,5564,29,2095132716
uci wine example,logistic differences,0.3634536793316138,0.3601759530728124,0.8708656249999999,0.4089548803892639,200,200,6497,5564,29,2095132716
uci wine example,"logistic items (posn=T, stop=T)",0.3312868661664416,0.3335362354516121,0.552234375,0.4650279418555826,200,200,6497,5564,29,2095132716
uci wine example,"logistic items (posn=T, stop=F)",0.4341244372104577,0.4321892404154814,0.8788031249999999,0.3990600216819662,200,200,6497,5564,29,2095132716
uci wine example,"logistic items (posn=F, stop=T)",0.3058604369313546,0.308634919153297,0.551315625,0.4622202483137905,200,200,6497,5564,29,2095132716
uci wine example,"logistic items (posn=F, stop=F)",0.416117449968898,0.4126797824825504,0.5633812500000001,0.4624537313821294,200,200,6497,5564,29,2095132716
uci wine example,observed score,0.5547159853363646,0.5522011474892218,0.5654375,0.4612215900700409,200,200,6497,5564,29,2095132716
uci wine example,Stan inspection model,0.49673940772871,0.4936725180615208,0.5736625000000001,0.5405530412016774,200,200,6497,5577,30,1377672096
uci wine example,Stan utility model,0.4956030211571046,0.4914297846629262,0.85676875,0.3055369771786465,200,200,6497,5577,30,1377672096
uci wine example,logistic differences,0.4979036499300104,0.4943777401615162,0.85049375,0.4164660061453085,200,200,6497,5577,30,1377672096
uci wine example,"logistic items (posn=T, stop=T)",0.4577485436646915,0.4533594100723587,0.4563874999999999,0.4707867063704241,200,200,6497,5577,30,1377672096
uci wine example,"logistic items (posn=T, stop=F)",0.4966771397405465,0.4930084902418478,0.85981875,0.4073850624781379,200,200,6497,5577,30,1377672096
uci wine example,"logistic items (posn=F, stop=T)",0.4518820444350874,0.4474547700411578,0.5587593750000001,0.4615784679110296,200,200,6497,5577,30,1377672096
uci wine example,"logistic items (posn=F, stop=F)",0.4441107036062569,0.4395313385900066,0.577490625,0.4607182691622311,200,200,6497,5577,30,1377672096
uci wine example,observed score,0.5561062067347893,0.5530826682974455,0.550846875,0.4623720073246715,200,200,6497,5577,30,1377672096
uci wine example,Stan inspection model,0.4659609755598678,0.463813958650387,0.57533125,0.5499097885612934,200,200,6497,5570,31,1716759499
uci wine example,Stan utility model,0.4922390209410975,0.4918153965672289,0.8653937500000001,0.2991596278245914,200,200,6497,5570,31,1716759499
uci wine example,logistic differences,0.4802701989792942,0.4794462243061304,0.8579125,0.4072282034024945,200,200,6497,5570,31,1716759499
uci wine example,"logistic items (posn=T, stop=T)",0.4873213040683585,0.4864982297449846,0.5299875,0.4637742487521755,200,200,6497,5570,31,1716759499
uci wine example,"logistic items (posn=T, stop=F)",0.5047299838865433,0.505107388529152,0.86541875,0.3953721726890735,200,200,6497,5570,31,1716759499
uci wine example,"logistic items (posn=F, stop=T)",0.4861225084978424,0.4849830238006946,0.5804625,0.4601841607116718,200,200,6497,5570,31,1716759499
uci wine example,"logistic items (posn=F, stop=F)",0.4809423504523446,0.4812226347865617,0.577321875,0.4606021964617314,200,200,6497,5570,31,1716759499
uci wine example,observed score,0.5514207035364431,0.5504473461652514,0.612834375,0.4581978240757456,200,200,6497,5570,31,1716759499
uci wine example,Stan inspection model,0.4442525844171294,0.438467015793503,0.57916875,inf,200,200,6497,5572,32,1107046601
uci wine example,Stan utility model,0.4324384155661149,0.4253465975374457,0.8683437500000001,0.2929564884404902,200,200,6497,5572,32,1107046601
uci wine example,logistic differences,0.4321199991850377,0.4254713697289548,0.8619468750000001,0.4083505091784511,200,200,6497,5572,32,1107046601
uci wine example,"logistic items (posn=T, stop=T)",0.4624827715804888,0.4554741186692,0.518540625,0.464206781093304,200,200,6497,5572,32,1107046601
uci wine example,"logistic items (posn=T, stop=F)",0.4520568749980415,0.4451230645647267,0.8700999999999999,0.3995123445654057,200,200,6497,5572,32,1107046601
uci wine example,"logistic items (posn=F, stop=T)",0.4566861842971645,0.4494935164196093,0.57918125,0.4605286455882619,200,200,6497,5572,32,1107046601
uci wine example,"logistic items (posn=F, stop=F)",0.3998780433151718,0.3933560759330971,0.559459375,0.4627144720866479,200,200,6497,5572,32,1107046601
uci wine example,observed score,0.5555079382372652,0.554331145047468,0.566465625,0.461133709359733,200,200,6497,5572,32,1107046601
uci wine example,Stan inspection model,0.4616453225965197,0.4558717755745322,0.579265625,inf,200,200,6497,5560,33,1281666273
uci wine example,Stan utility model,0.455579811118219,0.4510033567325249,0.87175,0.2889342087123007,200,200,6497,5560,33,1281666273
uci wine example,logistic differences,0.4634612758714092,0.4588299131403311,0.8688906249999999,0.4060201501364373,200,200,6497,5560,33,1281666273
uci wine example,"logistic items (posn=T, stop=T)",0.4612706997969577,0.4582779545167807,0.5555499999999999,0.4628736237425111,200,200,6497,5560,33,1281666273
uci wine example,"logistic items (posn=T, stop=F)",0.4581084059568504,0.4532981120464558,0.8736187499999999,0.3964074088168193,200,200,6497,5560,33,1281666273
uci wine example,"logistic items (posn=F, stop=T)",0.456575845717835,0.4536621273853614,0.58811875,0.4603252340031107,200,200,6497,5560,33,1281666273
uci wine example,"logistic items (posn=F, stop=F)",0.3734891606532048,0.3668099686637003,0.570884375,0.4618009633863815,200,200,6497,5560,33,1281666273
uci wine example,observed score,0.5642553306050815,0.5574374325331178,0.6027125,0.4588547432729152,200,200,6497,5560,33,1281666273
uci wine example,Stan inspection model,0.4000012188789858,0.3944493079231899,0.6006562499999999,0.541169883325158,200,200,6497,5585,34,741254573
uci wine example,Stan utility model,0.4313375336928842,0.4266337886430926,0.8535062500000001,0.3120308540517116,200,200,6497,5585,34,741254573
uci wine example,logistic differences,0.4407707396194748,0.4360898296285526,0.8513375000000001,0.4072137328073803,200,200,6497,5585,34,741254573
uci wine example,"logistic items (posn=T, stop=T)",0.3594001073374205,0.3547139070841107,0.603546875,0.4562323911155414,200,200,6497,5585,34,741254573
uci wine example,"logistic items (posn=T, stop=F)",0.408787686059226,0.4040027216452751,0.854378125,0.3971598301513674,200,200,6497,5585,34,741254573
uci wine example,"logistic items (posn=F, stop=T)",0.3611845591863841,0.3565505240500963,0.585840625,0.4589304229943057,200,200,6497,5585,34,741254573
uci wine example,"logistic items (posn=F, stop=F)",0.365498933121168,0.3609865965922356,0.59126875,0.4610054628939794,200,200,6497,5585,34,741254573
uci wine example,observed score,0.5619264077687911,0.5590127983124656,0.6056625,0.4599130506180129,200,200,6497,5585,34,741254573
uci wine example,Stan inspection model,0.4504826896324233,0.4504310252511355,0.600203125,0.5177247688726438,200,200,6497,5566,35,698683064
uci wine example,Stan utility model,0.4794405416509829,0.4772813019712996,0.8690843750000001,0.2952388629424991,200,200,6497,5566,35,698683064
uci wine example,logistic differences,0.4836888036084883,0.4812137044653644,0.862996875,0.410255560722038,200,200,6497,5566,35,698683064
uci wine example,"logistic items (posn=T, stop=T)",0.4119631769356555,0.4110267275676691,0.524353125,0.46533475841556,200,200,6497,5566,35,698683064
uci wine example,"logistic items (posn=T, stop=F)",0.4614193015469976,0.4591210065785862,0.86536875,0.4032693359538872,200,200,6497,5566,35,698683064
uci wine example,"logistic items (posn=F, stop=T)",0.4113802006137463,0.4104038707938282,0.585771875,0.4597603442656453,200,200,6497,5566,35,698683064
uci wine example,"logistic items (posn=F, stop=F)",0.4217254925619813,0.418858186065263,0.594946875,0.4610389346234418,200,200,6497,5566,35,698683064
uci wine example,observed score,0.5581766191643867,0.5540375449795655,0.593075,0.4599327956245178,200,200,6497,5566,35,698683064
uci wine example,Stan inspection model,0.4684487142167527,0.4715819632572406,0.599859375,0.5407516727370576,200,200,6497,5569,36,278259765
uci wine example,Stan utility model,0.465261962777883,0.4684180378765384,0.845971875,0.3199812806056107,200,200,6497,5569,36,278259765
uci wine example,logistic differences,0.4479190368953754,0.4509132934488901,0.84158125,0.410432853890101,200,200,6497,5569,36,278259765
uci wine example,"logistic items (posn=T, stop=T)",0.3994462498050394,0.405603500932326,0.5212156250000001,0.464384636614201,200,200,6497,5569,36,278259765
uci wine example,"logistic items (posn=T, stop=F)",0.4668660576359468,0.4699919689887936,0.84665,0.402322113980598,200,200,6497,5569,36,278259765
uci wine example,"logistic items (posn=F, stop=T)",0.4033978703414889,0.4092938617898281,0.579971875,0.458662606288527,200,200,6497,5569,36,278259765
uci wine example,"logistic items (posn=F, stop=F)",0.4016153918457798,0.4034690788379597,0.58395625,0.4613405248856019,200,200,6497,5569,36,278259765
uci wine example,observed score,0.5570242992888592,0.5559328049918336,0.6048375,0.4592871882871847,200,200,6497,5569,36,278259765
uci wine example,Stan inspection model,0.3994603967196566,0.3903790119079725,0.5808875,inf,200,200,6497,5573,37,443120175
uci wine example,Stan utility model,0.3685216602161389,0.359852313660529,0.859096875,0.3073674662309442,200,200,6497,5573,37,443120175
uci wine example,logistic differences,0.3833805673566106,0.3754477478768315,0.85320625,0.4137936184784662,200,200,6497,5573,37,443120175
uci wine example,"logistic items (posn=T, stop=T)",0.2619625638091533,0.2546252672994267,0.457184375,0.4699681442023977,200,200,6497,5573,37,443120175
uci wine example,"logistic items (posn=T, stop=F)",0.3515863246263938,0.3426029968766635,0.860090625,0.4034650096260936,200,200,6497,5573,37,443120175
uci wine example,"logistic items (posn=F, stop=T)",0.2639274175444084,0.25660635241067,0.55936875,0.4614091935747211,200,200,6497,5573,37,443120175
uci wine example,"logistic items (posn=F, stop=F)",0.3227244910558715,0.3156414691953321,0.555596875,0.4622970185292243,200,200,6497,5573,37,443120175
uci wine example,observed score,0.5529606998373551,0.546132392625964,0.5637531250000001,0.4617278844405283,200,200,6497,5573,37,443120175
uci wine example,Stan inspection model,0.3585553237105042,0.3553140208364824,0.582146875,0.4947495280513665,200,200,6497,5581,38,1646651384
uci wine example,Stan utility model,0.3457211234716673,0.3418391534408622,0.833221875,0.3347977222162899,200,200,6497,5581,38,1646651384
uci wine example,logistic differences,0.3479402733540771,0.3424029765629489,0.83326875,0.4141854980352305,200,200,6497,5581,38,1646651384
uci wine example,"logistic items (posn=T, stop=T)",0.3806608668769526,0.3737199450326808,0.568909375,0.4615958603701286,200,200,6497,5581,38,1646651384
uci wine example,"logistic items (posn=T, stop=F)",0.3247336207587714,0.3235525682743301,0.8311999999999999,0.4061702627527794,200,200,6497,5581,38,1646651384
uci wine example,"logistic items (posn=F, stop=T)",0.3866035074005772,0.3787028087522003,0.604090625,0.4600569233430854,200,200,6497,5581,38,1646651384
uci wine example,"logistic items (posn=F, stop=F)",0.325017834471316,0.3186221591533312,0.579628125,0.461988890448342,200,200,6497,5581,38,1646651384
uci wine example,observed score,0.5509623289191676,0.5441688999886072,0.6171125000000001,0.4579671139964655,200,200,6497,5581,38,1646651384
uci wine example,Stan inspection model,0.4327476207363843,0.432188358249211,0.5914593750000001,0.5138028168611017,200,200,6497,5572,39,950745915
uci wine example,Stan utility model,0.454589964785093,0.4538019387691198,0.86,0.3090175083943696,200,200,6497,5572,39,950745915
uci wine example,logistic differences,0.4529006757789856,0.4538597837117464,0.8521125,0.4099129575516183,200,200,6497,5572,39,950745915
uci wine example,"logistic items (posn=T, stop=T)",0.3956570494658585,0.3904018027600164,0.5262656250000001,0.4631627041696516,200,200,6497,5572,39,950745915
uci wine example,"logistic items (posn=T, stop=F)",0.4478034231842452,0.4452955423749956,0.8543312500000001,0.4002695022750896,200,200,6497,5572,39,950745915
uci wine example,"logistic items (posn=F, stop=T)",0.3643487685157526,0.3592457243006421,0.568675,0.4611252106240006,200,200,6497,5572,39,950745915
uci wine example,"logistic items (posn=F, stop=F)",0.3306332041555039,0.3282692919720273,0.544059375,0.4631614310942338,200,200,6497,5572,39,950745915
uci wine example,observed score,0.5629836975043513,0.5611929705596108,0.62501875,0.4576675281945344,200,200,6497,5572,39,950745915
uci wine example,Stan inspection model,0.4734991327365692,0.465574412712374,0.6092000000000001,inf,200,200,6497,5583,40,1773861871
uci wine example,Stan utility model,0.4811511345054403,0.4715822538119373,0.83580625,0.3252171855388071,200,200,6497,5583,40,1773861871
uci wine example,logistic differences,0.4839016976093732,0.473254371318006,0.8293625,0.4189145725778272,200,200,6497,5583,40,1773861871
uci wine example,"logistic items (posn=T, stop=T)",0.4118481880612438,0.400927671639212,0.5379156249999999,0.4646858269809179,200,200,6497,5583,40,1773861871
uci wine example,"logistic items (posn=T, stop=F)",0.4827286651601793,0.4740368011668944,0.828309375,0.4112273733724968,200,200,6497,5583,40,1773861871
uci wine example,"logistic items (posn=F, stop=T)",0.4097411340815347,0.3994746630176513,0.6114875,0.4582733164354316,200,200,6497,5583,40,1773861871
uci wine example,"logistic items (posn=F, stop=F)",0.4040421467318408,0.3994825999997616,0.5890500000000001,0.4609244393493016,200,200,6497,5583,40,1773861871
uci wine example,observed score,0.5524766599073246,0.5417892872841044,0.6153875,0.4583422050115915,200,200,6497,5583,40,1773861871
uci wine example,Stan inspection model,0.4480895822307654,0.4548622402097228,0.551903125,0.4933805925165606,200,200,6497,5573,41,597089359
uci wine example,Stan utility model,0.4545415449177898,0.4631008135415561,0.861565625,0.3023043730251395,200,200,6497,5573,41,597089359
uci wine example,logistic differences,0.4423264261306112,0.4492416295748182,0.86045625,0.418373793951198,200,200,6497,5573,41,597089359
uci wine example,"logistic items (posn=T, stop=T)",0.4088474237404964,0.4151119018413577,0.439184375,0.4703764968930641,200,200,6497,5573,41,597089359
uci wine example,"logistic items (posn=T, stop=F)",0.4533052911163781,0.4617241316080059,0.861428125,0.4074570198673623,200,200,6497,5573,41,597089359
uci wine example,"logistic items (posn=F, stop=T)",0.4051909806409934,0.4111387456860705,0.555571875,0.4621434974550095,200,200,6497,5573,41,597089359
uci wine example,"logistic items (posn=F, stop=F)",0.4303550825551603,0.4366337245990606,0.5539875000000001,0.4623875577536216,200,200,6497,5573,41,597089359
uci wine example,observed score,0.5576032303649605,0.5623916999503343,0.569890625,0.4612763966854956,200,200,6497,5573,41,597089359
uci wine example,Stan inspection model,0.4037274249993526,0.4068414773132501,0.6037375,0.5310967385829267,200,200,6497,5571,42,1548181880
uci wine example,Stan utility model,0.4131191842668841,0.4166440870490498,0.8694875000000001,0.2877458228165138,200,200,6497,5571,42,1548181880
uci wine example,logistic differences,0.4168056700523204,0.420515354650946,0.86663125,0.4099864478943657,200,200,6497,5571,42,1548181880
uci wine example,"logistic items (posn=T, stop=T)",0.4372839148817553,0.4397069367328479,0.530909375,0.4635631555405502,200,200,6497,5571,42,1548181880
uci wine example,"logistic items (posn=T, stop=F)",0.4164772590049874,0.4201751787616519,0.86493125,0.3999028213934368,200,200,6497,5571,42,1548181880
uci wine example,"logistic items (posn=F, stop=T)",0.4412007084728969,0.442513377023793,0.5776125,0.4610480526012753,200,200,6497,5571,42,1548181880
uci wine example,"logistic items (posn=F, stop=F)",0.4197095149394769,0.42147767221904,0.592278125,0.4609048405858245,200,200,6497,5571,42,1548181880
uci wine example,observed score,0.555993900059442,0.5537877679659375,0.5665125,0.4609344785031946,200,200,6497,5571,42,1548181880
uci wine example,Stan inspection model,0.4621443710170207,0.462785730786556,0.524003125,0.5472090589055648,200,200,6497,5583,43,1878957654
uci wine example,Stan utility model,0.4634120088142118,0.4626602220021357,0.8509749999999999,0.3091023249228302,200,200,6497,5583,43,1878957654
uci wine example,logistic differences,0.4706037488869515,0.4707320526780391,0.845928125,0.4169521294568396,200,200,6497,5583,43,1878957654
uci wine example,"logistic items (posn=T, stop=T)",0.42958431605442,0.4270655245901257,0.41145625,0.4718393692311142,200,200,6497,5583,43,1878957654
uci wine example,"logistic items (posn=T, stop=F)",0.4526529825753131,0.4512831259251564,0.8548562500000001,0.4069914442814615,200,200,6497,5583,43,1878957654
uci wine example,"logistic items (posn=F, stop=T)",0.4327519439655019,0.43053330953857,0.5308468749999999,0.463179850961777,200,200,6497,5583,43,1878957654
uci wine example,"logistic items (posn=F, stop=F)",0.3937483830425749,0.3888969695070994,0.53408125,0.4634088935906992,200,200,6497,5583,43,1878957654
uci wine example,observed score,0.5528471565008956,0.5501285470594501,0.56668125,0.4612300642740105,200,200,6497,5583,43,1878957654
uci wine example,Stan inspection model,0.3530910572265144,0.354268140996782,0.5548500000000001,0.5398276011043633,200,200,6497,5567,44,1781459347
uci wine example,Stan utility model,0.3370417274244432,0.3352111865164909,0.8355812499999999,0.3223175324131992,200,200,6497,5567,44,1781459347
uci wine example,logistic differences,0.3479167213851101,0.3474939776580248,0.835234375,0.4202183536157016,200,200,6497,5567,44,1781459347
uci wine example,"logistic items (posn=T, stop=T)",0.3312009495641579,0.3285489322375421,0.4113656249999999,0.4752948491425781,200,200,6497,5567,44,1781459347
uci wine example,"logistic items (posn=T, stop=F)",0.3466639790269538,0.3439032730229269,0.8371906250000001,0.4141894979383769,200,200,6497,5567,44,1781459347
uci wine example,"logistic items (posn=F, stop=T)",0.3251570433368919,0.3223393390746967,0.5454625,0.4623335139055512,200,200,6497,5567,44,1781459347
uci wine example,"logistic items (posn=F, stop=F)",0.2523324262656455,0.2469304252129131,0.5383312499999999,0.4628691750008809,200,200,6497,5567,44,1781459347
uci wine example,observed score,0.524673789947804,0.5249871680905892,0.63120625,0.4577845018471418,200,200,6497,5567,44,1781459347
uci wine example,Stan inspection model,0.4466940067580563,0.4490123053500585,0.568159375,inf,200,200,6497,5582,45,457751914
uci wine example,Stan utility model,0.4186325838280809,0.4198310427447941,0.84610625,0.3175967890233416,200,200,6497,5582,45,457751914
uci wine example,logistic differences,0.425109259658987,0.4262138997123695,0.8448125,0.4131084076331585,200,200,6497,5582,45,457751914
uci wine example,"logistic items (posn=T, stop=T)",0.3959082502184303,0.3972143707857045,0.5140968749999999,0.465182190163694,200,200,6497,5582,45,457751914
uci wine example,"logistic items (posn=T, stop=F)",0.4059653641053741,0.4066873472085018,0.84609375,0.4077435995141252,200,200,6497,5582,45,457751914
uci wine example,"logistic items (posn=F, stop=T)",0.3860974632029493,0.3870802637518614,0.549290625,0.4618133345831448,200,200,6497,5582,45,457751914
uci wine example,"logistic items (posn=F, stop=F)",0.2752118185809153,0.2753016973489854,0.53590625,0.4636673987243317,200,200,6497,5582,45,457751914
uci wine example,observed score,0.5461896916756982,0.5446779360782567,0.604125,0.4591952678682466,200,200,6497,5582,45,457751914
uci wine example,Stan inspection model,0.3688372147162292,0.3720689314893393,0.550534375,inf,200,200,6497,5592,46,789867793
uci wine example,Stan utility model,0.3860979326653507,0.3876415083183162,0.843275,0.3176840658727693,200,200,6497,5592,46,789867793
uci wine example,logistic differences,0.4095922458754494,0.4106671173643145,0.8413249999999999,0.413712454890827,200,200,6497,5592,46,789867793
uci wine example,"logistic items (posn=T, stop=T)",0.3004347442923242,0.3031616113330825,0.52865625,0.4656223008669301,200,200,6497,5592,46,789867793
uci wine example,"logistic items (posn=T, stop=F)",0.3520311025142449,0.3548679211631858,0.8449687499999999,0.4018766213553491,200,200,6497,5592,46,789867793
uci wine example,"logistic items (posn=F, stop=T)",0.3136783731955988,0.3159450859853412,0.550821875,0.4621971503576578,200,200,6497,5592,46,789867793
uci wine example,"logistic items (posn=F, stop=F)",0.2546075882535996,0.2536182788059871,0.5127937499999999,0.4641757488656595,200,200,6497,5592,46,789867793
uci wine example,observed score,0.5632324554371114,0.564620481204834,0.6006,0.4595197313009531,200,200,6497,5592,46,789867793
uci wine example,Stan inspection model,0.4341973658993385,0.4276455428719027,0.589459375,inf,200,200,6497,5567,47,588936662
uci wine example,Stan utility model,0.4262228853147896,0.4195828533122668,0.8552062500000001,0.3076203406137447,200,200,6497,5567,47,588936662
uci wine example,logistic differences,0.4135835652060482,0.4062495087097628,0.8483031249999999,0.412112184263818,200,200,6497,5567,47,588936662
uci wine example,"logistic items (posn=T, stop=T)",0.4263334603383029,0.4199223532308367,0.5491625,0.463451224813686,200,200,6497,5567,47,588936662
uci wine example,"logistic items (posn=T, stop=F)",0.4265410972056414,0.4198295114340863,0.8594187500000001,0.4038032812445395,200,200,6497,5567,47,588936662
uci wine example,"logistic items (posn=F, stop=T)",0.4224621228988549,0.4159243725321469,0.5734812499999999,0.4614277930387325,200,200,6497,5567,47,588936662
uci wine example,"logistic items (posn=F, stop=F)",0.4535562094368651,0.4482465333936556,0.5921000000000001,0.46103933682017,200,200,6497,5567,47,588936662
uci wine example,observed score,0.5573496812960285,0.552446086217706,0.6234,0.4589081153894793,200,200,6497,5567,47,588936662
uci wine example,Stan inspection model,0.380488839466735,0.3741785446636474,0.531434375,inf,200,200,6497,5573,48,1717485498
uci wine example,Stan utility model,0.4311542105043895,0.4245145709918763,0.8579375,0.3045770047033598,200,200,6497,5573,48,1717485498
uci wine example,logistic differences,0.4359741471450522,0.428445674053676,0.852546875,0.4186275735324506,200,200,6497,5573,48,1717485498
uci wine example,"logistic items (posn=T, stop=T)",0.3485154561010766,0.3456773908423473,0.443553125,0.4737119112071181,200,200,6497,5573,48,1717485498
uci wine example,"logistic items (posn=T, stop=F)",0.4416173675522706,0.437751462373961,0.8673249999999999,0.4113942899464665,200,200,6497,5573,48,1717485498
uci wine example,"logistic items (posn=F, stop=T)",0.3570356792902214,0.3535974856513894,0.541575,0.4628458796262119,200,200,6497,5573,48,1717485498
uci wine example,"logistic items (posn=F, stop=F)",0.4351914156248227,0.4325502761481941,0.541784375,0.4629220582076971,200,200,6497,5573,48,1717485498
uci wine example,observed score,0.5377085394275616,0.5334616657577321,0.54085625,0.4626386005433669,200,200,6497,5573,48,1717485498
uci wine example,Stan inspection model,0.4406120700000714,0.4333294421241315,0.5997687500000001,inf,200,200,6497,5574,49,1733410116
uci wine example,Stan utility model,0.440961887365598,0.4344674273734744,0.8363375,0.3378690630869516,200,200,6497,5574,49,1733410116
uci wine example,logistic differences,0.4446976821256672,0.4376223927562919,0.83036875,0.4137992892226422,200,200,6497,5574,49,1733410116
uci wine example,"logistic items (posn=T, stop=T)",0.4385136861460529,0.4325334891618353,0.4968687499999999,0.4679777817116191,200,200,6497,5574,49,1733410116
uci wine example,"logistic items (posn=T, stop=F)",0.4294020168359603,0.4224588902880833,0.842678125,0.4070683904834325,200,200,6497,5574,49,1733410116
uci wine example,"logistic items (posn=F, stop=T)",0.4352495047470164,0.4295677273819748,0.59408125,0.4578800575545255,200,200,6497,5574,49,1733410116
uci wine example,"logistic items (posn=F, stop=F)",0.3891679860432727,0.3832237700975023,0.5843125,0.4610180603799813,200,200,6497,5574,49,1733410116
uci wine example,observed score,0.5496532598393756,0.5416977042985414,0.581128125,0.4602965921504204,200,200,6497,5574,49,1733410116
