Year,Quelccaya Ice Core summit  Ice O-18,Quelccaya Ice Core summit  Ice accumulation,Quelccaya Ice Core #2  Ice O-18,Quelccaya Ice Core #2  Ice accumulation,Svalbard Ice melt,west Greenland Ice o-18,tasmania tree ring width,north patagonia tree ring width,NA treeline ring widths,Southeast U.S-N. Carolina  Dendro ring widths,Southeast U.S-S. Carolina  Dendro ring widths,Southeast U.S-Georgia Dendro ring widths,Yakutia Dendro ring widths,Fennoscandia Dendro density,Northern Urals Dendro density
1400,-17.00,0.94,-18.40,1.32,34.90,-0.56,14.60,-0.36,0.72,374.00,455.00,428.00,7.81,-0.55,0.38
1401,-16.80,1.25,-17.60,1.58,39.50,-0.64,14.60,-0.54,0.72,265.00,344.00,354.00,8.80,0.14,-0.02
1402,-16.50,1.25,-17.10,1.05,44.20,0.37,14.80,0.06,0.72,240.00,425.00,443.00,6.00,0.68,-0.29
1403,-15.70,1.25,-17.40,0.78,48.80,0.25,14.50,0.91,0.72,349.00,372.00,340.00,6.61,0.59,-1.81
1404,-15.20,0.93,-17.30,1.56,51.40,-0.49,14.30,0.11,0.72,324.00,383.00,429.00,7.34,0.88,-0.81
1405,-19.00,1.09,-17.50,1.04,52.70,-0.04,15.40,-0.24,0.87,318.00,368.00,381.00,4.84,0.91,-0.59
1406,-20.10,1.55,-17.40,0.78,54.00,0.54,15.50,0.02,1.03,363.00,403.00,402.00,4.83,0.82,0.27
1407,-17.90,1.24,-18.30,1.55,57.40,-0.04,15.20,-0.33,1.03,238.00,273.00,317.00,5.78,0.76,-1.12
1408,-17.70,1.24,-18.90,1.54,66.10,0.57,15.70,-0.06,1.20,358.00,450.00,410.00,7.03,0.58,-0.46
1409,-17.30,0.93,-17.60,1.28,74.70,0.39,15.30,0.57,1.05,270.00,325.00,352.00,6.29,0.62,0.11
1410,-17.10,1.38,-17.40,1.28,83.40,0.33,14.80,-0.46,1.17,291.00,337.00,374.00,5.55,0.59,-2.57
1411,-16.10,1.69,-17.00,1.27,71.50,0.53,14.80,-0.13,1.08,314.00,346.00,393.00,7.25,1.48,-1.68
1412,-18.50,1.23,-17.20,1.27,58.10,0.69,14.20,0.66,1.21,197.00,362.00,400.00,7.58,-0.24,0.41
1413,-18.80,1.53,-15.40,1.77,44.70,-0.07,14.80,-0.28,1.28,328.00,397.00,417.00,7.48,0.54,0.23
1414,-18.30,1.22,-18.40,1.51,46.30,0.90,14.90,0.01,1.35,307.00,374.00,419.00,6.18,-0.15,-0.73
1415,-17.80,1.22,-18.40,1.00,58.30,0.11,15.40,0.30,1.03,306.00,420.00,472.00,7.04,0.69,-1.11
1416,-16.40,1.22,-18.40,1.25,70.20,-0.01,15.10,0.14,1.34,331.00,399.00,335.00,7.00,1.20,-1.86
1417,-18.20,1.52,-16.90,1.50,76.00,0.76,15.20,-0.49,1.18,355.00,364.00,388.00,8.00,0.12,-0.12
1418,-18.20,1.21,-18.80,1.24,64.60,0.68,15.10,-0.14,1.30,380.00,428.00,497.00,6.43,0.68,-1.05
1419,-18.60,1.51,-18.50,1.24,53.20,0.27,15.20,0.37,0.99,322.00,393.00,390.00,7.41,0.62,-2.30
1420,-19.50,1.51,-17.40,0.99,41.80,0.04,15.10,0.33,0.95,302.00,392.00,369.00,6.37,0.21,-0.95
1421,-18.30,1.51,-18.20,1.73,34.10,-0.33,15.20,-0.22,0.82,240.00,337.00,339.00,6.26,0.68,-1.20
1422,-18.50,0.90,-19.50,1.23,26.50,-0.25,15.50,-0.88,0.91,349.00,328.00,401.00,7.47,-0.25,-1.21
1423,-16.70,1.20,-18.70,1.22,18.90,-0.09,15.10,-0.67,1.02,312.00,341.00,358.00,7.76,0.26,-0.87
1424,-15.50,1.65,-19.20,1.22,19.30,0.13,14.50,0.56,1.05,312.00,408.00,442.00,7.46,1.18,-0.78
1425,-17.90,1.34,-18.10,1.22,23.80,-0.24,14.50,0.45,1.05,346.00,443.00,458.00,6.53,1.09,0.93
1426,-16.70,1.34,-16.30,1.21,28.40,-0.15,14.90,-0.52,1.08,271.00,389.00,442.00,6.18,0.30,-1.78
1427,-16.70,1.64,-17.80,1.45,33.50,-0.06,15.10,-0.26,0.75,257.00,299.00,303.00,7.25,0.98,-0.96
1428,-18.60,1.34,-17.30,1.45,39.50,-0.37,15.50,-0.22,0.74,362.00,333.00,435.00,8.75,0.24,-1.55
1429,-16.60,1.63,-17.90,1.68,45.50,0.09,15.30,-0.57,0.62,399.00,410.00,506.00,6.96,0.49,-0.95
1430,-16.80,1.18,-18.80,1.44,51.90,0.32,15.30,-0.10,0.80,281.00,433.00,564.00,8.69,0.31,-1.12
1431,-16.70,1.47,-17.80,1.20,63.10,0.31,14.90,0.33,0.70,238.00,258.00,325.00,7.87,0.45,-0.71
1432,-17.30,0.88,-16.90,1.43,74.30,-0.33,14.90,-0.96,0.63,286.00,445.00,562.00,8.42,0.86,-1.46
1433,-19.40,1.17,-16.50,1.43,85.50,-0.50,15.20,-0.43,1.00,251.00,379.00,411.00,9.07,0.75,-1.50
1434,-19.50,1.47,-18.30,1.18,84.00,-0.22,15.10,0.44,1.03,306.00,470.00,501.00,6.86,1.07,-0.93
1435,-18.10,1.17,-19.60,1.18,79.70,0.13,15.90,0.06,0.96,327.00,396.00,553.00,7.70,1.23,-2.35
1436,-19.80,1.75,-20.60,1.18,75.40,-0.36,15.90,0.46,1.02,299.00,398.00,377.00,7.23,0.69,-1.43
1437,-18.10,1.60,-17.70,1.17,70.10,-0.40,15.10,0.66,1.02,333.00,445.00,293.00,7.48,1.02,-0.83
1438,-16.70,1.31,-19.30,1.64,64.10,-0.13,15.10,0.33,0.86,298.00,346.00,385.00,7.38,0.44,-1.72
1439,-16.20,1.45,-18.80,1.63,58.10,0.15,14.60,-0.47,1.00,376.00,443.00,485.00,8.54,-0.25,0.19
1440,-16.60,1.16,-17.90,1.40,54.10,0.31,14.60,-0.99,1.00,248.00,276.00,335.00,8.98,0.35,-2.74
1441,-15.80,1.73,-16.50,1.16,54.40,0.63,15.20,-0.08,1.16,359.00,460.00,470.00,9.68,0.76,0.31
1442,-17.50,1.15,-16.50,1.39,54.70,-0.34,14.80,0.05,1.15,267.00,338.00,340.00,6.68,-0.14,-0.46
1443,-18.50,1.44,-15.90,1.15,55.20,-0.17,15.20,0.17,1.18,322.00,480.00,465.00,8.67,0.01,0.10
1444,-17.60,1.15,-17.70,1.61,57.00,0.63,15.70,0.29,1.30,328.00,372.00,327.00,9.19,0.00,-1.91
1445,-17.60,1.15,-19.30,1.37,58.90,0.30,14.00,0.00,0.96,253.00,328.00,433.00,8.95,0.38,-1.15
1446,-16.90,1.14,-18.30,1.14,60.80,-0.10,14.80,0.57,0.92,353.00,345.00,382.00,9.31,0.08,-0.51
1447,-17.10,1.43,-18.10,0.91,67.60,-0.50,14.70,-0.25,0.99,260.00,412.00,584.00,8.88,0.04,-1.14
1448,-15.90,1.42,-17.20,0.91,75.20,-0.45,14.60,-0.83,0.84,333.00,435.00,557.00,11.60,0.11,0.14
1449,-18.00,1.53,-17.30,1.36,82.70,0.06,14.20,-0.38,0.66,307.00,417.00,397.00,9.14,0.63,-1.89
1450,-14.50,1.27,-17.50,1.58,80.70,1.00,14.30,-0.33,0.73,344.00,327.00,328.00,10.30,1.34,-0.59
1451,-16.80,1.41,-16.10,1.58,73.90,-0.13,14.70,0.16,0.83,256.00,383.00,383.00,8.06,0.52,-0.70
1452,-16.90,1.13,-16.50,1.10,67.00,1.79,15.10,0.41,0.87,334.00,423.00,414.00,8.31,0.48,-1.22
1453,-19.00,1.41,-17.80,1.34,62.70,0.52,15.60,-0.39,0.91,280.00,303.00,283.00,7.29,-1.55,-3.62
1454,-21.10,1.40,-20.10,1.34,61.50,0.08,15.40,0.63,0.82,232.00,409.00,382.00,9.67,0.23,-0.61
1455,-17.90,0.84,-19.70,1.33,60.20,-0.06,14.90,0.47,0.77,260.00,321.00,360.00,8.45,-0.47,-1.45
1456,-18.20,1.40,-21.60,1.11,60.20,0.86,14.80,1.22,0.80,305.00,363.00,342.00,9.34,-0.27,-0.99
1457,-17.70,1.12,-18.60,0.88,63.20,1.13,14.70,1.38,0.59,392.00,507.00,540.00,8.61,0.08,-2.42
1458,-16.30,1.39,-19.20,1.10,66.30,0.59,14.00,0.05,0.77,339.00,389.00,427.00,6.57,-0.27,-0.63
1459,-18.80,0.83,-17.70,1.32,69.80,0.42,14.70,-0.42,0.80,318.00,351.00,416.00,6.74,-0.08,-1.56
1460,-17.30,1.39,-17.30,0.88,77.40,-0.11,14.90,-0.55,0.92,327.00,418.00,410.00,7.60,-0.32,0.49
1461,-18.80,1.66,-17.80,1.09,85.00,-0.50,14.90,0.50,0.77,308.00,392.00,556.00,7.89,-0.11,0.39
1462,-18.60,1.38,-17.80,1.31,92.60,0.13,14.70,0.17,0.67,385.00,441.00,476.00,8.70,-0.18,0.98
1463,-18.00,1.10,-18.60,1.30,88.40,0.54,15.10,0.84,0.75,281.00,297.00,241.00,4.67,-0.80,-0.53
1464,-17.60,1.78,-18.40,1.30,83.40,-0.14,14.80,-0.10,0.59,295.00,419.00,464.00,5.95,-0.08,1.84
1465,-18.30,1.51,-18.10,1.30,78.50,0.47,14.70,-0.46,0.71,282.00,375.00,480.00,6.29,0.68,-0.06
1466,-16.80,1.09,-18.70,1.29,77.90,0.58,14.90,0.04,0.72,335.00,373.00,456.00,5.79,0.02,-3.04
1467,-18.40,1.36,-17.20,1.50,78.40,-0.34,15.10,-0.29,0.65,397.00,393.00,323.00,4.89,0.10,-0.19
1468,-17.70,1.36,-19.20,1.39,78.80,0.17,15.20,1.96,0.83,336.00,358.00,411.00,5.32,0.71,1.70
1469,-19.00,1.63,-18.40,1.17,74.00,0.81,14.90,2.64,0.89,292.00,335.00,321.00,6.36,0.21,0.78
1470,-18.50,2.17,-18.00,1.28,66.30,0.22,15.30,1.57,0.86,334.00,349.00,350.00,6.69,0.87,0.78
1471,-16.80,0.81,-18.70,1.49,58.70,-0.73,14.90,0.39,0.67,262.00,315.00,318.00,6.94,-0.35,1.96
1472,-17.90,1.35,-19.00,1.27,54.50,-0.64,15.00,-0.44,0.74,285.00,338.00,301.00,8.05,-0.89,1.35
1473,-19.00,1.08,-18.50,1.48,53.70,-0.59,14.80,-0.34,0.84,287.00,330.00,417.00,4.85,-0.88,1.27
1474,-19.00,1.07,-17.50,1.26,52.80,0.02,14.80,-0.70,1.30,273.00,391.00,417.00,5.14,0.19,-0.10
1475,-18.00,1.34,-19.30,1.47,54.00,-0.79,14.30,-0.96,1.12,277.00,357.00,416.00,7.66,-0.16,-0.34
1476,-18.10,1.20,-19.20,0.84,58.10,-0.67,15.00,-1.04,1.02,376.00,388.00,531.00,7.60,-0.59,-0.96
1477,-17.30,1.47,-18.70,1.25,62.10,-0.16,15.50,-0.18,0.90,390.00,440.00,460.00,5.85,0.14,-0.49
1478,-18.20,1.60,-18.50,1.25,68.20,0.81,15.60,-0.76,0.89,306.00,406.00,499.00,7.31,-0.60,1.60
1479,-17.10,1.33,-17.40,0.83,78.90,0.86,15.50,0.09,1.03,328.00,432.00,495.00,5.31,0.41,1.06
1480,-17.60,1.19,-17.40,0.83,89.50,-0.45,15.40,1.25,1.07,354.00,455.00,432.00,6.55,-0.06,0.95
1481,-18.80,1.58,-18.60,1.24,93.80,-0.87,15.40,0.23,1.05,333.00,422.00,411.00,6.22,0.14,-1.69
1482,-18.20,1.84,-17.70,1.24,73.40,-1.19,15.60,-0.30,0.85,312.00,393.00,456.00,8.08,0.10,-1.03
1483,-16.90,1.31,-18.60,1.23,53.00,-0.21,14.70,-0.07,1.11,301.00,373.00,452.00,8.29,-0.55,-0.83
1484,-16.70,1.31,-18.40,1.02,35.80,-0.44,14.90,0.68,0.86,309.00,347.00,454.00,7.60,0.99,-0.65
1485,-16.60,1.31,-17.90,1.84,42.50,-0.45,15.30,-0.12,0.99,430.00,473.00,533.00,8.50,1.25,-1.12
1486,-16.90,1.17,-17.00,1.22,49.10,-0.55,15.20,-0.44,0.85,262.00,315.00,251.00,7.88,-0.32,0.05
1487,-17.80,1.30,-17.20,1.22,55.20,-0.29,15.20,-0.06,0.70,338.00,422.00,450.00,6.79,0.22,-0.81
1488,-16.00,1.17,-16.90,1.22,47.40,0.23,16.10,0.14,0.89,341.00,361.00,382.00,8.57,0.15,-0.27
1489,-15.70,0.65,-17.50,1.01,39.70,1.10,15.50,0.03,0.87,257.00,336.00,290.00,5.78,0.57,-0.52
1490,-17.40,1.29,-17.70,1.01,31.90,0.04,15.00,0.12,1.01,287.00,400.00,404.00,9.23,0.68,-0.96
1491,-16.20,1.29,-16.00,0.80,35.40,0.55,15.10,-0.02,1.12,251.00,325.00,306.00,8.36,0.25,0.03
1492,-16.80,1.29,-17.50,1.40,39.10,-0.54,15.20,-0.31,1.07,313.00,404.00,311.00,8.19,0.42,-1.26
1493,-16.00,1.28,-16.30,0.80,42.70,-0.68,15.40,0.00,1.03,417.00,507.00,664.00,7.30,0.31,0.40
1494,-18.90,1.28,-17.40,1.20,37.70,0.15,15.50,0.58,1.09,307.00,414.00,501.00,7.53,0.76,-0.71
1495,-19.00,1.53,-17.50,1.19,31.90,0.35,15.10,-0.30,0.89,357.00,394.00,394.00,4.62,0.30,-0.55
1496,-18.30,1.40,-18.80,1.19,26.10,0.63,14.80,0.19,0.85,304.00,377.00,336.00,7.55,1.14,0.20
1497,-18.50,1.65,-18.70,1.39,27.60,-0.37,15.10,0.22,0.97,365.00,427.00,404.00,6.19,-1.02,0.18
1498,-17.40,2.03,-18.20,1.38,29.90,1.23,15.00,0.08,1.08,380.00,367.00,403.00,7.12,-0.13,-1.01
1499,-16.90,1.26,-19.00,1.58,32.20,-0.20,15.40,0.02,1.01,302.00,300.00,379.00,6.80,0.31,0.34
1500,-19.50,1.26,-17.80,0.98,39.50,0.74,14.50,0.71,1.04,282.00,415.00,445.00,7.50,0.77,-0.34
1501,-19.70,1.51,-16.30,1.76,47.60,0.51,14.80,0.59,0.95,277.00,329.00,324.00,7.59,0.28,0.39
1502,-19.30,1.51,-19.20,1.17,55.70,-0.17,14.50,0.22,0.91,297.00,324.00,318.00,7.69,-0.13,-0.52
1503,-17.00,1.38,-20.30,1.36,65.90,-0.18,15.00,-0.27,1.26,337.00,459.00,568.00,8.30,-0.02,-0.89
1504,-16.80,1.12,-20.40,1.17,76.50,0.46,15.30,0.09,1.17,384.00,404.00,359.00,5.43,0.67,0.58
1505,-16.70,1.74,-16.90,1.75,87.20,-0.13,15.30,0.00,1.04,294.00,364.00,363.00,8.23,0.81,-1.54
1506,-17.40,1.74,-16.80,1.55,85.60,-0.27,14.70,0.17,1.16,285.00,376.00,398.00,7.72,0.63,-0.34
1507,-17.30,1.49,-18.10,1.93,81.40,0.38,14.90,0.16,1.13,351.00,390.00,479.00,7.15,-0.85,-1.85
1508,-17.10,1.48,-17.30,0.96,77.20,-0.44,15.30,0.03,1.08,385.00,475.00,400.00,8.91,0.25,-0.41
1509,-17.50,1.48,-17.40,1.15,67.60,0.58,15.30,-0.44,0.97,246.00,266.00,271.00,10.40,-0.48,-1.01
1510,-16.40,1.60,-17.80,1.91,56.90,0.99,15.00,0.63,1.07,303.00,387.00,346.00,7.98,0.00,0.18
1511,-16.70,1.23,-16.30,1.91,46.20,0.21,14.50,1.04,0.97,348.00,506.00,445.00,7.42,0.65,-0.15
1512,-18.70,1.71,-17.70,0.95,55.60,0.73,15.60,-0.65,0.89,354.00,370.00,398.00,7.32,0.18,-1.43
1513,-19.00,1.59,-19.00,1.33,68.90,-0.43,14.90,-0.17,1.07,352.00,548.00,471.00,7.90,0.25,-0.46
1514,-18.70,1.44,-19.40,1.52,82.20,1.19,14.90,0.63,1.05,282.00,354.00,363.00,6.96,-0.09,-1.28
1515,-18.50,1.34,-18.40,1.70,84.60,0.45,15.10,-0.71,1.07,280.00,371.00,327.00,7.29,0.19,0.15
1516,-18.10,1.82,-18.20,0.94,85.30,-0.33,14.70,0.44,1.07,332.00,494.00,590.00,7.70,-0.40,-1.81
1517,-17.60,1.33,-18.00,2.05,85.90,-0.56,15.10,0.53,0.81,336.00,438.00,434.00,7.84,0.48,0.44
1518,-18.90,1.93,-19.10,1.31,90.20,-0.64,14.60,-0.04,0.81,221.00,288.00,355.00,8.30,0.60,-0.21
1519,-17.00,1.32,-19.60,1.31,95.00,-0.71,14.30,-0.27,0.91,336.00,382.00,405.00,7.78,-0.26,-0.14
1520,-15.70,1.68,-15.90,0.93,99.70,0.70,15.20,0.31,0.93,346.00,311.00,390.00,8.66,-0.63,0.89
1521,-16.00,1.32,-15.10,1.86,92.20,-0.26,14.70,0.21,1.17,262.00,345.00,328.00,6.01,-0.32,0.14
1522,-18.40,1.67,-18.20,1.12,83.90,-0.23,15.00,-0.48,0.84,280.00,390.00,399.00,7.69,0.13,-1.71
1523,-16.30,1.19,-17.40,1.48,75.60,0.00,14.90,0.32,0.95,251.00,429.00,461.00,6.42,0.18,-3.62
1524,-19.00,1.30,-17.30,1.11,67.90,0.00,15.00,-0.86,0.92,328.00,445.00,441.00,8.09,-0.62,-1.54
1525,-13.30,1.54,-18.30,1.11,60.30,-0.55,15.30,-0.69,0.90,336.00,390.00,402.00,9.01,-0.07,-1.28
1526,-15.50,1.18,-16.80,1.47,53.80,-0.68,14.80,0.33,0.84,339.00,438.00,474.00,9.08,-0.57,-1.38
1527,-17.10,1.41,-16.10,1.10,69.90,0.51,14.50,0.41,0.94,301.00,448.00,503.00,11.10,-0.06,-2.03
1528,-18.90,2.00,-17.40,1.28,85.90,-0.73,14.90,-0.10,0.93,268.00,358.00,396.00,7.22,-0.43,-1.66
1529,-18.00,1.05,-19.80,2.01,97.40,-0.15,15.00,0.11,0.96,422.00,512.00,436.00,7.76,-0.08,-1.59
1530,-16.10,1.75,-17.30,1.64,76.30,1.06,14.70,0.04,0.86,341.00,352.00,301.00,7.00,-0.34,-0.34
1531,-17.50,1.86,-14.30,1.09,55.20,0.54,15.30,0.06,0.71,327.00,413.00,441.00,6.24,0.34,-3.63
1532,-18.20,1.63,-18.60,1.43,41.10,0.66,15.50,-0.75,0.69,396.00,436.00,577.00,9.41,0.97,-2.48
1533,-19.40,1.51,-19.20,1.63,53.70,-0.03,15.60,-0.30,0.90,276.00,336.00,416.00,8.80,0.92,-2.05
1534,-18.30,1.85,-16.70,1.63,66.20,0.76,14.90,0.05,0.74,313.00,366.00,421.00,6.89,0.55,-2.22
1535,-18.80,1.38,-18.80,1.26,77.00,-0.38,14.80,0.07,0.96,279.00,332.00,294.00,8.27,0.12,-1.78
1536,-17.40,1.84,-18.30,1.44,83.50,0.66,15.00,0.61,0.99,280.00,338.00,359.00,7.99,-0.85,-0.58
1537,-17.30,1.83,-17.30,1.80,90.10,0.42,15.20,-0.17,0.81,325.00,441.00,441.00,6.75,0.34,-0.47
1538,-17.50,1.49,-18.30,1.43,84.70,0.41,14.70,0.05,0.77,298.00,377.00,438.00,6.79,0.98,-4.15
1539,-16.20,1.14,-17.00,1.61,61.60,-0.94,14.90,0.12,0.83,317.00,459.00,502.00,7.96,0.47,-0.77
1540,-17.90,1.48,-18.70,1.07,38.60,-0.81,14.50,-0.79,0.94,322.00,395.00,370.00,8.44,-0.38,-3.00
1541,-18.90,1.36,-19.50,1.42,34.30,0.84,15.00,-0.96,0.86,383.00,453.00,619.00,5.67,0.13,-2.14
1542,-19.20,1.58,-18.00,1.24,47.30,-0.72,15.90,-0.70,1.02,257.00,262.00,230.00,5.59,-0.07,-2.32
1543,-18.00,2.03,-18.60,1.59,60.30,-0.38,14.40,-0.30,1.00,324.00,335.00,361.00,5.17,-0.16,-2.21
1544,-20.00,1.46,-18.20,1.77,65.00,-0.01,14.50,0.39,1.02,274.00,415.00,402.00,6.75,-0.66,-1.16
1545,-17.50,1.68,-19.60,2.29,65.00,-0.86,15.00,0.30,1.04,327.00,374.00,445.00,6.23,0.93,-0.89
1546,-17.80,1.79,-17.20,1.06,65.00,-0.59,15.40,0.03,0.91,262.00,374.00,472.00,5.71,0.14,-1.20
1547,-19.40,2.01,-18.10,1.58,69.20,-0.51,15.90,-0.42,1.08,303.00,433.00,410.00,8.62,0.26,-0.63
1548,-20.50,1.33,-19.30,1.40,74.60,0.10,15.80,-0.39,0.96,314.00,366.00,410.00,7.55,0.24,-4.73
1549,-18.00,1.66,-19.60,1.75,80.10,1.18,15.20,-0.20,0.86,282.00,402.00,412.00,8.18,0.00,-1.87
1550,-17.30,2.10,-18.60,1.22,64.70,0.86,14.80,0.19,0.91,318.00,440.00,572.00,9.89,0.02,-1.11
1551,-16.10,1.43,-18.00,1.57,47.40,0.36,15.10,-0.37,0.97,322.00,347.00,382.00,8.09,0.33,-0.77
1552,-19.70,1.14,-17.30,2.08,31.20,0.29,15.20,-0.36,1.01,260.00,259.00,246.00,9.36,0.42,-0.68
1553,-19.70,1.05,-21.10,1.39,28.80,0.57,15.10,0.15,0.80,398.00,443.00,472.00,8.16,0.20,-1.80
1554,-17.80,1.75,-17.90,1.38,26.40,0.37,15.20,-0.31,0.98,377.00,467.00,440.00,7.26,-0.13,-1.86
1555,-18.00,1.20,-17.40,1.38,27.80,-0.25,14.50,1.03,1.10,310.00,443.00,465.00,8.07,0.24,-1.22
1556,-18.30,1.41,-18.40,1.38,41.70,0.84,14.80,0.08,1.19,323.00,395.00,495.00,6.42,0.04,-1.58
1557,-17.60,1.62,-17.40,1.55,55.70,0.70,14.90,-0.54,0.97,189.00,286.00,366.00,4.66,-0.22,-2.13
1558,-19.50,1.73,-19.50,1.20,60.20,0.35,15.20,-0.73,0.93,353.00,408.00,436.00,8.81,0.90,-0.56
1559,-17.70,1.51,-18.20,1.71,51.00,0.13,15.00,-0.11,1.08,322.00,360.00,443.00,6.57,-0.07,-3.00
1560,-20.00,1.93,-20.20,1.54,41.80,-1.01,14.90,0.38,1.06,292.00,362.00,434.00,7.31,0.04,-2.26
1561,-18.50,1.50,-18.10,1.53,39.00,-1.20,15.00,-0.30,0.96,354.00,335.00,393.00,7.80,0.43,-1.43
1562,-19.50,1.60,-20.30,2.04,40.80,0.15,14.80,-0.34,1.12,337.00,379.00,433.00,7.62,0.14,0.10
1563,-18.00,1.91,-18.20,1.53,42.60,0.26,14.90,-0.10,1.26,298.00,344.00,426.00,8.61,0.91,-0.67
1564,-17.00,1.48,-17.00,1.52,37.00,-0.17,15.00,0.76,1.20,291.00,379.00,336.00,6.46,1.27,-0.20
1565,-17.20,2.01,-17.90,1.01,29.30,-0.40,14.90,0.28,1.05,339.00,422.00,461.00,7.42,0.63,0.09
1566,-12.20,1.26,-13.90,1.69,21.60,-0.57,15.60,-0.69,1.09,256.00,322.00,336.00,6.43,-0.36,0.11
1567,-18.70,1.16,-19.50,1.18,34.00,-1.15,15.10,-0.70,0.99,296.00,320.00,365.00,6.82,-1.11,-0.10
1568,-19.50,1.47,-19.20,1.43,46.70,-0.79,15.10,-0.34,1.10,356.00,339.00,424.00,10.50,-0.36,-1.92
1569,-20.00,1.67,-20.90,1.59,56.80,0.75,14.80,0.08,1.18,259.00,288.00,319.00,8.65,0.83,-1.97
1570,-20.20,1.25,-18.30,1.51,55.50,0.87,15.00,-0.33,1.16,287.00,396.00,457.00,7.18,-0.13,-0.78
1571,-15.60,1.35,-16.40,1.34,54.20,-0.02,15.50,0.40,1.18,310.00,451.00,514.00,8.62,-0.79,-0.57
1572,-21.40,1.03,-21.10,1.17,52.40,0.78,14.80,0.54,1.00,340.00,441.00,579.00,5.03,0.12,-1.24
1573,-19.60,1.86,-20.60,1.83,49.70,1.12,15.00,-0.06,1.18,308.00,382.00,483.00,8.68,-0.66,-1.74
1574,-17.00,1.34,-17.30,1.33,47.00,0.93,14.90,-0.96,1.33,263.00,322.00,469.00,6.92,-0.56,-0.90
1575,-18.50,1.74,-18.90,1.66,51.40,0.41,14.40,-0.47,1.10,291.00,395.00,386.00,9.51,0.39,-1.71
1576,-18.70,1.84,-20.00,1.82,59.70,-0.74,15.00,0.08,1.07,332.00,519.00,546.00,5.20,-0.32,-0.40
1577,-20.00,2.24,-18.30,1.81,68.00,0.47,14.40,-0.47,0.86,346.00,440.00,416.00,6.76,-0.57,-1.46
1578,-20.00,1.73,-22.20,1.65,63.40,0.27,14.70,-0.01,0.92,344.00,453.00,432.00,5.99,-0.65,-1.32
1579,-20.60,1.80,-18.40,1.48,57.00,0.02,14.80,-0.19,0.93,402.00,410.00,409.00,7.47,-0.66,-0.87
1580,-18.40,2.02,-17.60,1.48,50.60,-0.20,15.20,-0.17,0.84,360.00,322.00,420.00,3.93,-1.27,-3.19
1581,-18.60,2.01,-19.20,1.80,44.30,0.43,15.50,-0.17,1.04,288.00,383.00,422.00,7.88,-0.72,-2.54
1582,-17.90,2.20,-18.20,1.63,37.90,0.01,15.50,0.95,1.05,367.00,506.00,520.00,6.14,-0.23,-1.24
1583,-17.50,1.90,-17.80,1.45,35.20,-0.30,15.00,0.31,0.99,292.00,296.00,272.00,5.45,-0.49,-1.04
1584,-16.10,1.39,-15.40,1.63,38.30,-1.14,15.40,-0.98,1.11,340.00,357.00,412.00,7.10,-0.05,-1.36
1585,-16.40,1.39,-17.40,1.46,41.40,0.43,15.40,-0.53,1.25,298.00,378.00,263.00,4.42,-0.23,-2.13
1586,-19.80,1.48,-19.80,1.30,50.40,0.57,14.90,0.10,0.99,311.00,390.00,444.00,7.17,-0.52,-1.50
1587,-18.50,2.27,-19.20,2.10,62.30,1.13,15.00,0.18,0.84,222.00,278.00,327.00,5.82,-1.47,-0.36
1588,-20.10,1.67,-19.40,1.78,74.20,0.14,15.00,-0.11,0.98,289.00,384.00,389.00,7.13,-0.43,-1.51
1589,-18.50,2.25,-18.90,1.93,70.50,0.33,14.80,0.29,0.86,316.00,349.00,339.00,5.62,-0.96,-1.44
1590,-18.40,1.56,-18.40,1.45,65.70,-0.13,15.20,-0.46,0.82,352.00,496.00,454.00,7.96,-1.22,-0.75
1591,-18.20,1.36,-18.20,1.44,61.90,0.24,15.20,-0.58,0.74,335.00,405.00,442.00,7.93,-0.80,-1.01
1592,-17.40,1.55,-17.90,1.44,61.50,-1.03,15.00,0.32,0.99,326.00,349.00,393.00,7.63,-0.75,-2.48
1593,-17.30,1.45,-17.40,1.12,61.20,-0.25,15.20,-0.51,0.89,274.00,330.00,317.00,8.37,-0.44,-0.66
1594,-16.90,1.93,-17.00,1.92,62.70,0.47,15.20,-0.82,0.74,317.00,387.00,434.00,8.36,-0.52,-1.84
1595,-16.40,1.73,-16.70,1.43,66.10,0.23,15.20,-0.15,0.88,273.00,323.00,349.00,9.70,-0.52,-2.32
1596,-16.60,1.44,-17.00,1.43,69.40,-0.06,14.70,-0.80,0.80,341.00,573.00,529.00,7.83,-0.34,-2.46
1597,-17.20,1.72,-18.20,1.59,63.00,0.13,14.50,0.19,0.98,257.00,415.00,435.00,6.18,-0.54,-1.96
1598,-17.50,1.52,-18.30,1.43,54.40,-0.79,15.40,0.12,0.96,270.00,316.00,291.00,8.39,0.18,-1.05
1599,-18.40,1.90,-19.00,2.06,47.30,-0.72,15.70,1.42,1.03,280.00,368.00,333.00,7.46,-0.06,-1.36
1600,-18.80,1.89,-18.80,1.74,49.50,0.54,15.70,0.67,0.89,404.00,463.00,603.00,8.05,-0.64,-1.68
1601,-20.90,1.32,-20.80,1.50,51.80,-0.22,14.90,-0.33,1.01,323.00,475.00,507.00,5.80,-1.75,-4.01
1602,-20.40,1.31,-20.90,1.42,48.00,-1.05,15.00,-0.53,0.94,369.00,533.00,498.00,6.42,-0.69,-0.60
1603,-19.80,1.87,-20.50,1.80,37.20,0.89,15.40,-0.24,0.77,392.00,357.00,484.00,7.46,-0.58,-1.77
1604,-18.70,1.96,-19.30,2.04,26.30,-0.42,14.70,-0.01,0.83,275.00,365.00,352.00,7.48,-1.30,-0.68
1605,-18.20,1.02,-19.50,2.03,27.00,-0.41,14.50,-0.40,0.93,375.00,525.00,781.00,4.60,-1.20,-0.52
1606,-18.00,1.39,-18.60,1.56,30.70,0.68,14.60,-0.31,0.95,388.00,379.00,423.00,7.62,-0.64,-0.39
1607,-17.10,1.85,-16.80,1.71,35.60,-0.38,14.00,0.19,0.88,274.00,337.00,372.00,6.28,-1.18,-0.97
1608,-16.50,1.75,-17.20,1.55,47.60,0.37,14.20,0.45,0.92,289.00,353.00,356.00,6.40,-1.13,-1.39
1609,-17.10,1.74,-17.20,1.55,59.70,0.74,15.30,-1.09,0.95,347.00,463.00,393.00,5.62,-1.24,-2.48
1610,-17.50,1.55,-18.30,1.39,68.90,0.31,15.00,-1.20,1.08,239.00,364.00,338.00,7.32,-0.26,-0.54
1611,-19.80,1.27,-19.80,1.39,75.00,0.46,15.40,0.09,0.88,270.00,343.00,281.00,6.01,-0.55,-2.15
1612,-19.30,1.72,-18.20,1.40,81.00,0.07,14.90,0.81,0.98,247.00,382.00,423.00,8.09,-1.16,-1.47
1613,-18.20,1.99,-18.40,1.14,68.00,0.12,14.60,-0.17,0.83,418.00,504.00,609.00,8.87,-0.04,-0.64
1614,-18.70,2.07,-19.00,1.77,51.30,0.82,15.50,-0.37,0.79,275.00,424.00,393.00,6.39,-1.58,-1.95
1615,-18.30,1.79,-18.50,1.38,37.00,1.21,14.30,-0.11,0.75,385.00,454.00,459.00,8.79,-1.27,-0.24
1616,-18.90,0.98,-18.50,1.07,32.00,0.21,15.10,0.35,0.92,316.00,351.00,325.00,7.31,-1.15,-1.66
1617,-18.40,1.16,-19.00,1.22,27.10,0.45,14.50,0.11,1.13,331.00,389.00,489.00,7.17,-0.12,-2.92
1618,-18.00,1.24,-18.60,1.37,23.40,0.18,15.10,-0.22,1.09,317.00,307.00,287.00,8.61,-1.19,0.26
1619,-16.60,1.59,-17.30,1.37,20.80,0.71,15.30,-0.05,1.29,272.00,419.00,413.00,6.76,-0.30,-1.41
1620,-17.30,1.85,-17.40,2.13,18.10,0.70,14.40,-0.45,1.12,264.00,330.00,346.00,5.34,-0.49,-2.25
1621,-16.70,1.84,-17.80,1.82,43.60,-0.09,14.80,-0.27,1.18,246.00,345.00,434.00,8.18,-0.21,-1.19
1622,-18.70,1.75,-18.90,1.74,70.00,0.08,15.00,-0.38,1.19,263.00,356.00,436.00,6.66,0.03,-1.04
1623,-20.10,1.83,-19.60,1.82,88.70,0.02,14.90,-0.20,1.22,315.00,429.00,532.00,9.33,-0.23,-3.11
1624,-17.70,1.74,-17.00,1.66,93.30,-1.04,14.80,0.34,1.07,345.00,367.00,320.00,10.20,-0.57,-1.41
1625,-16.80,2.25,-18.20,1.81,97.90,-1.29,14.70,0.11,1.27,320.00,347.00,443.00,10.40,-0.43,-0.98
1626,-19.00,1.55,-20.20,1.96,87.50,-0.24,14.80,0.06,1.16,359.00,462.00,397.00,10.30,0.06,0.36
1627,-20.20,1.89,-19.70,2.25,72.50,-0.47,14.30,0.56,1.27,339.00,390.00,329.00,6.99,0.09,-0.94
1628,-18.00,1.80,-20.90,1.50,58.30,1.12,15.00,-0.03,1.12,307.00,358.00,381.00,6.68,0.36,-1.09
1629,-22.70,2.05,-20.00,1.80,48.20,0.62,15.10,0.26,0.96,310.00,408.00,436.00,8.39,0.29,-2.70
1630,-18.40,1.95,-19.40,2.39,38.10,0.39,15.30,-0.01,1.00,293.00,390.00,520.00,10.00,-0.46,-3.47
1631,-20.00,2.45,-20.70,2.24,40.70,-0.07,14.90,-0.35,1.01,306.00,401.00,483.00,8.11,0.32,-3.54
1632,-19.00,2.02,-19.20,1.79,52.00,-0.24,14.90,0.42,1.00,262.00,318.00,380.00,6.16,-1.16,-2.67
1633,-17.40,1.43,-17.90,1.49,63.10,-0.28,15.20,-0.51,0.84,258.00,309.00,291.00,8.43,-1.56,-1.73
1634,-18.20,1.92,-17.90,1.78,70.20,-0.85,14.70,-0.61,0.93,320.00,361.00,318.00,6.61,-0.40,-3.31
1635,-15.50,1.42,-16.40,1.92,77.20,0.23,14.60,-0.05,0.85,406.00,581.00,566.00,6.29,-0.57,-0.40
1636,-13.00,1.99,-13.80,1.63,79.00,-0.82,14.80,-0.68,0.88,366.00,358.00,416.00,5.65,0.44,-1.70
1637,-17.70,1.82,-17.60,1.77,74.70,-0.05,15.10,-0.52,1.10,290.00,363.00,452.00,5.91,-0.39,0.21
1638,-19.50,1.73,-19.70,1.62,70.40,0.15,15.50,-0.74,1.21,244.00,287.00,259.00,8.40,-1.14,-2.14
1639,-20.00,1.97,-19.50,2.50,55.50,-0.50,15.00,0.21,1.23,311.00,430.00,482.00,7.10,-0.42,-2.30
1640,-17.30,2.04,-17.30,1.91,39.40,-0.31,15.20,1.27,1.24,295.00,389.00,496.00,7.90,0.39,-0.97
1641,-18.50,1.87,-19.80,1.90,27.30,-0.81,15.40,-0.09,1.34,295.00,286.00,307.00,6.64,-2.06,-2.13
1642,-22.40,1.78,-22.40,1.75,22.60,0.00,15.20,-0.89,1.17,314.00,402.00,475.00,4.38,-0.55,-2.97
1643,-18.40,1.70,-19.00,1.90,17.90,-0.46,15.10,-0.77,1.08,235.00,314.00,271.00,4.53,-1.15,-1.41
1644,-20.90,2.09,-20.20,2.18,38.60,-0.85,15.50,-0.89,1.06,299.00,307.00,300.00,7.44,-0.98,-2.97
1645,-16.70,1.83,-17.60,1.45,65.10,-0.32,15.00,-0.82,0.86,290.00,332.00,361.00,4.43,-1.49,0.62
1646,-18.90,1.68,-17.50,1.60,81.60,0.06,15.10,-0.09,0.84,353.00,538.00,629.00,7.51,-0.98,-1.02
1647,-17.10,1.75,-16.60,2.17,73.30,-0.69,14.20,0.58,0.83,337.00,418.00,415.00,8.24,-1.25,-0.25
1648,-15.90,1.42,-16.10,1.44,64.90,-0.70,14.80,-0.38,0.96,325.00,294.00,310.00,8.08,-0.34,-0.59
1649,-18.50,2.05,-18.20,1.93,58.40,1.05,14.60,-0.79,1.05,406.00,510.00,507.00,8.48,0.05,-1.64
1650,-17.70,1.65,-18.30,1.87,52.50,-0.08,14.80,0.36,0.97,365.00,368.00,439.00,8.02,-0.05,-0.75
1651,-19.50,2.03,-20.10,2.14,49.60,1.12,14.50,1.21,0.97,352.00,401.00,473.00,6.80,0.34,-1.10
1652,-17.20,1.79,-16.20,1.43,56.00,0.27,14.80,1.22,0.85,222.00,282.00,306.00,8.05,0.67,-1.60
1653,-17.70,1.71,-18.60,1.86,62.40,-0.22,15.40,0.67,0.87,346.00,396.00,423.00,8.83,-0.72,-0.41
1654,-19.90,1.54,-19.50,1.57,54.70,-0.38,15.30,-0.32,1.00,267.00,298.00,296.00,8.57,-0.38,-1.29
1655,-18.10,1.69,-18.60,1.71,42.30,-0.55,15.40,-1.24,1.01,378.00,536.00,667.00,10.20,0.53,-0.62
1656,-18.00,1.68,-16.80,1.49,32.80,0.36,16.00,-0.47,1.06,288.00,335.00,305.00,7.39,-0.24,-0.57
1657,-14.80,1.68,-14.20,1.70,32.00,1.00,14.90,-0.05,1.06,301.00,337.00,309.00,10.60,0.14,-1.04
1658,-16.90,1.52,-17.40,1.84,31.20,-0.16,14.90,-0.80,1.09,305.00,396.00,360.00,10.40,0.22,-0.55
1659,-17.40,1.82,-17.80,1.70,27.90,-0.46,15.00,-1.08,0.89,206.00,342.00,342.00,9.86,-0.36,-1.15
1660,-20.60,1.96,-19.90,2.05,23.90,0.49,14.80,-0.59,0.90,242.00,375.00,432.00,9.81,-0.27,-0.48
1661,-18.70,2.32,-18.40,2.47,23.50,-0.65,15.10,-0.15,1.12,330.00,479.00,436.00,5.51,-0.55,-0.99
1662,-15.70,1.72,-15.90,1.27,32.40,-0.64,15.20,-0.22,1.02,354.00,425.00,410.00,7.05,-0.75,-0.78
1663,-20.80,1.56,-20.40,1.68,41.30,1.01,15.50,-0.65,0.87,281.00,341.00,387.00,8.19,-0.92,-1.30
1664,-20.20,2.07,-20.00,2.31,41.00,1.31,13.80,-0.43,1.09,265.00,347.00,351.00,10.40,0.11,0.68
1665,-22.20,1.40,-22.70,1.47,38.60,-0.01,14.40,2.24,1.18,377.00,378.00,470.00,7.00,-0.13,-0.33
1666,-18.30,1.62,-18.40,1.81,35.60,0.84,15.00,1.53,1.00,253.00,406.00,396.00,7.30,-0.79,-2.31
1667,-19.30,1.97,-19.60,2.23,31.50,1.13,15.30,0.28,0.91,272.00,409.00,475.00,8.17,-0.76,-1.14
1668,-18.20,1.53,-19.10,1.25,27.40,-0.13,15.40,0.16,0.90,290.00,416.00,486.00,7.11,-0.72,-0.47
1669,-18.70,1.59,-19.10,1.94,29.90,0.19,14.80,0.00,1.01,293.00,391.00,444.00,7.44,-0.59,-1.60
1670,-18.70,1.73,-19.60,1.25,33.20,0.09,14.90,0.49,0.96,251.00,394.00,473.00,9.38,-0.28,0.51
1671,-17.10,1.87,-17.30,1.80,37.50,-0.69,14.80,0.16,0.94,347.00,312.00,378.00,6.94,0.18,-0.27
1672,-19.30,1.86,-19.20,1.93,43.30,-0.65,14.30,0.22,0.94,311.00,293.00,269.00,9.14,-0.66,0.00
1673,-21.00,1.57,-19.60,1.79,49.00,0.35,15.00,0.15,1.02,317.00,391.00,351.00,8.55,-0.71,-0.40
1674,-18.90,1.42,-20.00,1.65,43.20,1.27,14.90,0.44,0.98,300.00,507.00,547.00,9.13,-0.60,-0.96
1675,-18.30,1.76,-18.80,1.92,37.50,0.41,15.00,0.53,1.19,282.00,440.00,499.00,5.07,-0.93,0.66
1676,-20.90,1.69,-18.80,1.91,48.20,-1.17,14.60,0.00,1.15,261.00,266.00,286.00,7.02,-0.49,-0.24
1677,-16.90,1.47,-18.60,1.77,71.30,-0.59,15.30,-0.11,0.91,309.00,405.00,474.00,8.56,0.05,-2.13
1678,-19.00,1.74,-20.70,1.50,89.20,-0.21,15.50,-0.35,1.08,356.00,418.00,394.00,6.38,-0.39,-1.03
1679,-21.10,1.94,-19.30,2.58,77.20,0.18,15.00,0.11,1.25,312.00,392.00,500.00,6.11,-0.53,-2.89
1680,-21.20,2.00,-19.50,2.03,65.20,-1.91,14.90,0.10,1.22,378.00,442.00,555.00,3.31,-0.96,-0.86
1681,-18.40,1.24,-19.20,1.08,60.20,0.19,14.40,0.05,1.30,327.00,367.00,424.00,6.49,-0.55,-0.35
1682,-17.10,1.37,-16.90,1.35,57.70,-1.49,14.90,0.09,1.19,319.00,375.00,395.00,7.93,-0.29,-0.22
1683,-18.80,1.91,-19.20,1.62,60.70,0.85,14.50,-0.17,1.17,351.00,540.00,377.00,6.94,0.07,-3.13
1684,-18.80,1.35,-17.80,1.48,75.30,0.87,15.40,-0.73,1.24,327.00,327.00,314.00,5.95,-0.29,-1.12
1685,-19.40,1.15,-19.50,1.34,89.80,-0.38,14.60,-0.12,1.30,324.00,381.00,341.00,6.05,-0.56,-1.29
1686,-19.40,1.21,-20.10,1.47,86.00,0.04,14.60,0.72,1.26,304.00,346.00,540.00,6.63,-1.01,1.20
1687,-16.50,1.80,-16.50,2.27,80.60,0.63,14.50,0.14,1.07,287.00,387.00,323.00,5.68,-0.90,-0.35
1688,-18.00,1.40,-16.80,1.73,70.50,-1.07,15.40,0.12,0.86,303.00,418.00,499.00,6.54,-1.08,0.18
1689,-20.00,1.79,-21.70,1.20,56.20,-0.61,15.10,0.40,1.18,236.00,472.00,520.00,7.22,0.65,0.60
1690,-21.10,1.25,-20.40,1.79,43.20,0.50,15.40,0.36,1.13,251.00,379.00,484.00,4.62,-0.37,-0.46
1691,-16.60,1.25,-16.40,1.79,37.30,-0.05,15.30,-0.32,1.36,292.00,454.00,495.00,7.73,-0.39,-0.49
1692,-19.20,1.57,-20.30,1.98,31.40,0.73,14.30,-0.35,1.11,333.00,425.00,503.00,5.71,0.46,0.14
1693,-18.20,1.69,-17.80,1.25,27.40,0.19,14.80,0.52,1.06,245.00,402.00,440.00,9.58,0.43,-0.75
1694,-16.00,1.16,-16.70,0.99,24.00,-0.76,14.80,-0.91,1.16,318.00,409.00,249.00,7.35,-0.15,-2.02
1695,-18.50,1.48,-17.70,1.57,27.40,-0.30,14.40,0.05,1.17,338.00,420.00,401.00,3.37,-1.00,-0.76
1696,-18.40,1.47,-18.80,1.70,40.90,-1.34,15.40,0.25,1.13,293.00,390.00,378.00,5.08,-0.73,-1.23
1697,-19.10,1.34,-19.40,1.30,54.00,-1.08,14.60,-0.44,1.08,341.00,408.00,432.00,9.24,-0.52,-2.50
1698,-22.00,1.33,-21.60,1.04,53.10,-1.25,14.90,0.58,1.08,339.00,458.00,566.00,4.56,0.41,-0.71
1699,-19.50,1.51,-19.50,1.56,52.30,-1.05,14.90,2.05,1.09,337.00,321.00,298.00,8.54,-0.36,-2.79
1700,-19.00,1.63,-18.00,2.85,47.90,-0.38,14.90,0.71,1.07,258.00,335.00,382.00,7.63,0.08,0.20
1701,-19.00,1.12,-20.50,1.16,42.00,-0.04,14.50,-0.10,0.87,310.00,379.00,432.00,8.87,-0.32,-0.45
1702,-19.20,1.64,-18.60,1.81,40.60,0.02,15.20,0.13,1.04,309.00,404.00,431.00,8.56,0.31,-0.76
1703,-20.20,1.21,-19.50,1.67,48.30,-0.06,14.80,-0.51,1.01,288.00,373.00,331.00,9.35,1.45,0.48
1704,-19.50,1.23,-19.80,1.54,55.90,0.27,15.50,-0.66,0.96,283.00,378.00,331.00,9.42,-0.81,0.97
1705,-18.90,1.53,-20.30,1.54,66.20,-0.46,15.90,-0.16,0.81,364.00,500.00,525.00,7.88,-1.41,-0.96
1706,-22.20,1.34,-17.50,1.66,76.50,-0.83,14.90,-0.12,1.06,316.00,308.00,376.00,7.34,-0.93,-1.43
1707,-18.20,1.58,-18.00,1.40,73.50,-0.70,15.30,0.02,1.11,297.00,466.00,499.00,8.41,0.73,-0.04
1708,-20.90,1.21,-20.40,1.53,63.60,0.12,15.50,0.05,1.09,241.00,266.00,353.00,7.63,-0.97,-1.73
1709,-16.30,1.26,-15.70,1.52,59.60,0.81,15.10,-0.70,0.98,264.00,361.00,405.00,6.42,-0.52,0.22
1710,-16.70,1.19,-17.70,1.14,67.40,0.01,14.90,-0.26,1.08,331.00,446.00,463.00,7.83,-0.47,-0.30
1711,-16.50,1.71,-17.60,1.51,75.10,0.19,15.20,-0.56,1.00,292.00,514.00,554.00,5.35,0.26,-0.57
1712,-17.40,1.18,-17.00,1.64,80.70,0.40,15.30,-0.19,1.00,340.00,355.00,392.00,7.20,0.08,-0.70
1713,-16.50,1.41,-15.90,1.13,86.40,0.65,15.30,-0.23,0.98,339.00,404.00,358.00,7.32,0.05,-0.49
1714,-18.20,1.11,-19.30,1.61,90.80,0.19,14.90,-0.33,1.19,226.00,294.00,326.00,6.72,-0.10,-1.20
1715,-20.90,1.51,-18.80,1.75,94.70,0.01,15.00,-0.12,1.07,243.00,342.00,338.00,7.22,0.08,-0.10
1716,-20.00,1.39,-21.20,1.49,87.90,0.32,15.50,-0.20,0.97,369.00,485.00,603.00,9.36,-0.41,0.01
1717,-20.00,1.21,-19.90,1.24,65.70,-0.30,15.60,-0.21,0.94,350.00,406.00,576.00,5.64,-0.36,-1.09
1718,-19.30,1.89,-19.40,1.61,46.20,-0.16,14.50,2.05,0.97,277.00,289.00,272.00,7.01,-0.72,-0.30
1719,-18.10,0.91,-18.50,1.23,48.40,-0.59,14.70,1.87,0.90,344.00,455.00,529.00,8.24,-0.96,-0.29
1720,-17.40,1.53,-17.20,1.23,50.60,-0.42,14.80,0.32,0.68,316.00,338.00,343.00,8.99,-1.18,1.65
1721,-18.60,1.30,-19.10,1.60,38.70,-0.76,15.50,0.01,0.76,404.00,493.00,619.00,8.50,-0.34,-1.78
1722,-15.00,1.07,-17.20,1.47,23.80,-1.36,14.80,0.13,0.74,242.00,292.00,333.00,9.23,-0.56,0.75
1723,-15.40,1.17,-15.40,1.34,19.20,0.44,15.00,-0.20,0.78,414.00,467.00,434.00,10.30,-0.54,-0.93
1724,-15.20,1.17,-14.70,0.97,23.10,-0.21,14.90,0.74,0.85,353.00,389.00,319.00,5.90,-0.32,-1.09
1725,-21.50,1.71,-21.70,1.21,26.40,0.84,14.50,0.02,0.91,284.00,388.00,380.00,6.18,0.05,-0.41
1726,-20.30,0.82,-19.80,1.93,27.70,0.30,15.20,-0.24,1.01,312.00,335.00,431.00,8.37,0.15,-1.31
1727,-18.40,1.31,-19.90,1.33,29.00,1.39,14.90,-0.31,1.07,271.00,344.00,455.00,8.72,0.23,-0.04
1728,-16.80,1.19,-17.90,1.32,32.60,1.32,15.10,-0.37,1.01,192.00,300.00,439.00,9.37,-1.34,1.08
1729,-17.00,1.40,-15.60,1.44,36.10,1.77,14.10,0.18,1.11,365.00,396.00,556.00,6.93,-0.48,-0.82
1730,-19.50,0.97,-19.50,0.72,36.00,1.25,15.00,-0.30,0.91,253.00,353.00,420.00,4.68,0.02,-2.69
1731,-20.30,1.39,-19.50,1.67,34.70,0.95,15.40,-0.34,1.02,318.00,443.00,541.00,7.31,-0.23,-1.17
1732,-22.90,1.38,-22.90,1.90,43.30,0.40,15.60,-0.74,1.16,289.00,379.00,481.00,10.30,0.13,-2.30
1733,-19.80,1.69,-19.10,0.83,62.00,0.68,14.80,-0.14,1.05,245.00,416.00,646.00,8.13,-0.78,-1.36
1734,-21.80,1.05,-20.50,2.24,69.50,-0.57,14.60,0.99,1.10,298.00,419.00,317.00,7.57,-0.78,-1.77
1735,-18.40,1.57,-18.70,1.77,43.60,-1.43,14.70,-0.81,1.18,312.00,368.00,250.00,6.21,0.08,-1.32
1736,-19.00,1.04,-19.30,1.41,18.30,0.04,14.80,-1.40,0.80,435.00,587.00,564.00,7.73,0.83,-0.88
1737,-18.20,1.19,-19.00,1.17,43.00,-1.32,14.70,0.07,0.90,297.00,333.00,423.00,6.46,-0.09,0.86
1738,-16.00,1.49,-17.30,1.17,67.60,-0.74,14.60,0.98,1.09,196.00,302.00,289.00,6.26,0.64,-1.64
1739,-17.90,1.63,-17.90,1.63,60.00,0.46,14.60,0.65,1.01,244.00,359.00,359.00,8.16,-0.41,-0.16
1740,-17.10,1.02,-17.20,1.62,43.30,1.29,15.80,-0.03,1.03,329.00,376.00,397.00,5.34,-0.69,0.40
1741,-16.50,1.06,-16.60,1.39,46.10,0.76,15.80,-0.29,0.99,313.00,420.00,418.00,5.87,-0.77,0.42
1742,-19.80,1.76,-19.30,1.27,64.20,-0.02,15.50,-0.19,1.01,336.00,510.00,640.00,6.94,-0.63,-1.42
1743,-19.80,1.19,-21.40,1.49,76.00,0.26,15.70,0.16,1.10,296.00,371.00,476.00,6.26,-0.59,0.44
1744,-21.20,1.00,-19.60,1.49,76.00,-0.11,15.20,0.30,0.85,305.00,361.00,354.00,5.31,-0.28,0.54
1745,-18.40,1.18,-18.90,1.59,75.80,-0.34,15.30,0.08,0.86,355.00,403.00,386.00,8.16,-0.59,-1.62
1746,-19.70,1.18,-21.10,1.36,74.50,-0.24,14.10,0.25,0.68,262.00,298.00,292.00,6.17,-0.09,-0.56
1747,-18.80,1.36,-19.50,1.58,73.10,-0.23,14.60,0.87,0.79,293.00,332.00,347.00,6.69,-0.15,-1.02
1748,-14.80,1.26,-14.90,1.58,52.60,0.09,15.50,1.30,0.85,253.00,396.00,402.00,7.23,-0.29,0.03
1749,-17.00,1.25,-17.60,0.79,30.80,-0.32,15.60,0.21,1.02,291.00,400.00,463.00,8.40,-0.24,-0.17
1750,-18.60,1.24,-18.50,1.23,29.00,-0.40,14.70,-0.53,0.84,307.00,329.00,338.00,8.61,-0.42,0.75
1751,-17.40,1.52,-17.90,1.67,34.50,-0.24,14.80,-0.28,0.77,327.00,408.00,444.00,6.28,-0.13,-0.95
1752,-18.60,0.95,-18.80,1.33,43.80,-0.46,14.90,0.23,0.95,300.00,345.00,364.00,8.21,0.56,-0.94
1753,-18.60,1.41,-19.10,1.55,56.20,0.16,15.00,-0.51,0.96,339.00,284.00,485.00,6.33,0.35,0.96
1754,-20.30,0.93,-19.30,1.10,61.30,-0.15,15.60,-0.46,1.17,317.00,338.00,346.00,6.30,0.78,-0.11
1755,-18.60,1.58,-19.00,1.65,54.00,-0.16,14.60,1.37,1.16,306.00,426.00,453.00,10.80,1.09,-0.39
1756,-18.60,0.83,-19.00,1.37,51.60,-0.26,14.20,1.15,1.08,305.00,294.00,304.00,7.67,0.15,-0.42
1757,-20.10,1.28,-20.30,1.14,70.50,-0.75,15.00,-0.01,0.93,357.00,372.00,373.00,11.60,1.29,-1.50
1758,-23.70,0.73,-21.80,1.30,88.90,-0.63,15.10,-0.20,0.91,276.00,349.00,309.00,9.36,0.73,-0.04
1759,-19.90,1.54,-19.90,1.51,85.70,-0.43,15.10,-0.74,1.06,260.00,353.00,383.00,8.87,0.12,-0.10
1760,-17.50,1.04,-19.00,1.08,82.50,-0.03,14.80,0.01,0.96,266.00,315.00,310.00,7.42,1.23,0.31
1761,-19.40,1.16,-18.10,1.29,88.00,-1.15,14.80,-0.07,1.05,397.00,504.00,443.00,7.19,1.75,0.38
1762,-19.20,1.20,-19.60,1.39,95.00,0.51,14.60,-0.23,1.17,297.00,399.00,295.00,4.68,0.76,-0.08
1763,-17.50,1.24,-18.40,1.38,93.40,0.72,14.80,-0.16,0.93,287.00,344.00,389.00,10.40,0.32,-1.02
1764,-18.20,1.14,-18.40,1.17,88.30,1.26,14.80,-0.43,0.97,289.00,289.00,301.00,7.67,-0.28,-0.94
1765,-18.90,1.05,-19.40,1.16,76.60,0.22,15.00,0.14,0.94,247.00,379.00,337.00,7.79,0.34,0.90
1766,-18.10,1.65,-19.20,1.58,59.80,0.49,15.00,1.54,1.01,354.00,623.00,601.00,8.50,1.23,-0.94
1767,-18.10,1.21,-15.50,1.05,51.00,-0.25,15.20,1.03,1.18,286.00,366.00,445.00,7.13,-0.17,0.14
1768,-21.40,0.59,-18.00,1.15,53.30,-0.10,15.20,0.56,1.05,344.00,443.00,501.00,6.11,-1.16,-0.53
1769,-18.70,1.12,-21.20,0.93,53.00,-0.30,14.90,0.43,0.91,323.00,388.00,488.00,5.20,-1.04,-0.14
1770,-18.70,1.63,-18.50,1.76,46.00,-0.66,15.10,0.29,1.09,310.00,419.00,466.00,5.71,0.11,-2.38
1771,-16.40,1.15,-18.90,0.52,39.80,0.55,15.40,0.16,1.09,347.00,518.00,515.00,7.70,-0.17,-0.49
1772,-19.20,1.14,-15.90,1.33,38.40,0.62,15.10,0.56,0.97,297.00,351.00,331.00,5.87,-1.00,-1.86
1773,-18.50,0.95,-19.10,1.28,37.00,-0.03,15.50,0.13,0.91,313.00,352.00,340.00,7.35,0.69,-1.01
1774,-17.70,1.15,-18.00,1.12,37.20,0.38,14.80,0.12,1.07,286.00,320.00,429.00,7.51,0.42,0.09
1775,-19.20,1.51,-17.80,1.42,37.50,0.81,14.80,0.56,1.07,318.00,442.00,440.00,7.60,0.77,-0.75
1776,-20.50,1.25,-20.50,1.31,42.10,0.59,14.80,0.44,0.89,327.00,495.00,601.00,6.03,1.06,-2.05
1777,-18.50,1.13,-20.70,1.40,47.00,-0.56,15.10,0.18,0.81,305.00,419.00,414.00,7.97,-0.27,-0.32
1778,-18.30,1.28,-18.50,1.20,45.70,-1.07,15.00,-0.25,0.88,221.00,305.00,292.00,8.58,0.16,-0.93
1779,-21.30,1.55,-19.10,0.99,42.80,-0.86,15.20,0.38,0.94,280.00,408.00,399.00,5.31,0.97,-1.19
1780,-19.70,1.27,-22.20,1.13,52.80,-0.54,14.80,0.04,0.94,363.00,354.00,413.00,5.11,0.23,-0.48
1781,-17.20,1.18,-19.40,1.12,68.10,0.20,15.20,-0.56,0.85,248.00,342.00,294.00,8.67,-0.24,-0.81
1782,-18.30,1.13,-17.70,1.17,70.20,0.12,14.90,0.42,0.82,285.00,479.00,410.00,8.26,-0.06,-0.72
1783,-16.90,1.51,-19.30,1.12,64.00,-0.02,14.90,0.35,0.71,326.00,406.00,331.00,8.15,-0.50,-4.08
1784,-14.80,0.81,-18.30,1.43,65.30,-0.24,14.40,-0.32,0.91,256.00,346.00,319.00,8.11,-0.22,-1.46
1785,-19.40,1.11,-15.40,1.24,73.40,0.51,14.60,-0.41,0.91,339.00,547.00,608.00,8.84,-0.56,-0.17
1786,-19.60,1.33,-19.60,1.54,70.80,1.45,15.40,-0.15,0.94,382.00,438.00,453.00,6.74,-0.58,-0.08
1787,-19.00,1.25,-19.90,1.05,54.40,0.70,14.10,0.29,1.01,307.00,325.00,316.00,6.99,-1.03,0.37
1788,-18.10,0.94,-19.40,1.33,47.70,0.07,15.20,-0.12,0.82,307.00,377.00,409.00,6.69,-0.20,-0.04
1789,-18.90,1.10,-18.20,1.04,57.80,-0.04,15.40,-0.29,0.88,293.00,445.00,430.00,8.52,0.95,0.53
1790,-19.50,1.68,-19.80,1.32,65.10,0.06,15.90,-0.11,0.88,341.00,407.00,389.00,6.53,-1.12,-1.00
1791,-17.70,0.99,-19.70,1.40,65.60,0.75,15.10,0.58,0.95,306.00,334.00,287.00,7.18,0.23,0.86
1792,-15.80,0.84,-18.20,1.21,66.60,0.51,14.50,1.27,0.52,329.00,404.00,478.00,7.91,0.00,-0.72
1793,-16.00,1.14,-17.00,1.30,69.00,-0.79,14.80,0.55,1.01,370.00,443.00,471.00,6.99,0.22,0.57
1794,-16.60,1.28,-16.00,1.11,68.70,0.35,14.70,-0.43,0.83,246.00,399.00,339.00,4.97,0.90,0.77
1795,-17.10,1.04,-17.20,1.28,55.00,0.13,14.70,0.09,0.87,383.00,418.00,359.00,6.27,0.50,-0.59
1796,-16.60,1.10,-17.70,1.50,46.10,-0.15,14.90,0.18,0.98,399.00,367.00,400.00,5.62,0.29,0.62
1797,-21.50,1.05,-18.10,1.04,71.50,-0.79,14.70,-0.71,0.85,248.00,321.00,316.00,6.73,0.24,-2.05
1798,-18.70,1.22,-20.70,1.44,95.20,-0.81,15.10,-0.24,0.92,399.00,345.00,293.00,7.20,0.92,-0.78
1799,-21.40,1.28,-19.50,1.48,97.60,-0.10,15.00,-0.10,0.98,249.00,353.00,334.00,6.85,0.23,-0.42
1800,-15.60,1.34,-18.70,1.34,99.80,0.62,15.00,-0.68,1.07,367.00,443.00,436.00,6.33,-0.69,-1.07
1801,-17.50,0.82,-17.20,1.11,94.90,0.54,15.70,-0.91,1.17,291.00,341.00,344.00,3.78,0.26,0.17
1802,-20.10,1.53,-18.50,1.54,90.00,-1.74,15.20,-0.56,1.04,248.00,289.00,278.00,8.27,-0.95,0.02
1803,-18.50,0.74,-20.40,1.01,89.00,-0.53,15.30,-0.13,1.14,370.00,438.00,421.00,6.23,-0.25,1.06
1804,-16.60,1.24,-18.50,1.61,88.00,0.97,15.00,-0.27,1.05,364.00,453.00,474.00,5.58,0.87,-0.84
1805,-14.40,1.08,-17.00,0.82,69.60,0.84,14.60,0.81,1.08,260.00,364.00,404.00,7.57,-0.42,0.55
1806,-18.00,1.01,-16.70,1.27,50.80,-0.02,15.20,-0.34,1.03,302.00,366.00,450.00,6.49,-0.43,-0.55
1807,-22.10,0.79,-20.40,1.91,62.80,0.10,15.00,-0.09,1.34,303.00,391.00,411.00,6.67,-0.30,-0.12
1808,-18.30,1.59,-19.40,1.11,76.20,0.41,15.20,-0.26,1.14,315.00,380.00,464.00,7.46,0.03,-0.38
1809,-18.70,1.13,-19.00,1.10,87.80,0.55,15.50,-0.95,1.20,308.00,305.00,334.00,6.03,-0.48,-0.39
1810,-20.10,0.90,-20.80,1.01,99.30,-0.21,15.40,0.66,1.32,322.00,402.00,406.00,7.52,-0.59,-1.58
1811,-19.20,1.14,-19.20,1.25,100.00,-0.24,15.70,1.14,1.14,301.00,368.00,349.00,8.63,-0.50,-2.82
1812,-17.70,1.23,-18.40,1.12,100.00,-0.06,15.20,0.17,1.07,333.00,398.00,353.00,6.02,-1.67,-0.91
1813,-19.40,1.47,-19.70,1.36,100.00,-0.78,15.20,0.07,1.08,287.00,405.00,408.00,5.49,-0.17,-0.45
1814,-18.40,0.93,-19.60,1.07,100.00,-0.37,14.90,0.02,0.93,338.00,334.00,343.00,5.87,-0.06,-1.72
1815,-20.10,1.45,-19.50,1.47,92.90,0.07,14.30,0.61,1.06,290.00,356.00,400.00,5.47,0.14,-2.59
1816,-19.90,1.07,-21.60,1.29,85.40,-0.53,14.60,0.74,0.97,251.00,309.00,353.00,7.48,0.15,-4.03
1817,-21.00,1.15,-20.70,1.21,86.40,-1.02,15.60,-0.29,0.90,354.00,400.00,407.00,4.31,0.15,-2.68
1818,-19.90,1.29,-20.50,1.40,87.90,-0.75,15.20,0.26,0.93,256.00,297.00,304.00,3.99,0.31,-2.95
1819,-19.30,1.01,-19.90,1.39,93.90,0.25,15.40,0.31,0.95,284.00,318.00,345.00,8.99,0.99,-2.45
1820,-25.20,1.30,-22.20,1.58,99.90,0.95,15.60,0.02,0.95,281.00,452.00,473.00,7.81,0.07,-1.46
1821,-17.30,1.09,-17.50,1.14,98.00,-0.24,15.20,0.61,0.89,402.00,598.00,628.00,6.77,-1.25,0.06
1822,-19.50,0.79,-18.60,1.13,96.00,0.45,15.00,-0.09,0.85,328.00,340.00,387.00,4.41,0.25,-0.11
1823,-16.90,1.16,-19.50,1.54,97.00,-0.14,15.10,-0.71,0.83,308.00,479.00,448.00,5.68,0.58,0.77
1824,-20.30,1.32,-18.70,0.84,98.00,-0.52,14.90,0.20,0.69,292.00,357.00,333.00,6.56,-0.05,-0.46
1825,-18.80,1.39,-19.40,1.37,99.10,0.07,15.20,0.76,0.73,388.00,491.00,504.00,6.78,-0.26,-1.56
1826,-14.10,1.41,-14.90,1.21,99.60,-0.63,15.30,-0.50,0.64,237.00,292.00,347.00,8.36,1.55,0.06
1827,-18.20,0.90,-16.40,1.09,95.50,0.45,15.00,-0.79,0.71,294.00,444.00,511.00,4.52,0.25,0.10
1828,-17.40,1.14,-17.40,1.45,91.60,0.85,15.10,-0.79,0.90,274.00,378.00,387.00,7.31,0.96,-0.64
1829,-15.70,1.30,-16.50,1.20,88.50,0.34,14.50,-1.19,0.80,375.00,418.00,538.00,6.47,0.28,-0.40
1830,-17.50,1.04,-17.70,1.47,86.20,0.14,15.70,-0.16,1.00,272.00,364.00,346.00,6.46,0.25,-0.21
1831,-18.80,1.49,-19.30,1.26,87.20,0.91,15.10,0.04,0.86,271.00,414.00,420.00,7.72,1.64,-1.51
1832,-17.70,0.89,-18.10,1.01,83.70,-0.32,15.30,-0.72,1.11,333.00,423.00,467.00,7.07,-0.15,-1.65
1833,-17.90,1.44,-18.40,1.53,66.20,-0.37,14.90,1.01,1.01,372.00,489.00,579.00,9.73,-0.25,-1.75
1834,-16.40,0.69,-16.80,0.85,58.10,-0.86,14.90,0.95,0.86,333.00,370.00,426.00,8.48,-0.40,-2.66
1835,-19.20,1.47,-18.70,1.47,71.60,-1.83,15.20,-0.12,0.77,293.00,423.00,478.00,11.20,-0.59,-0.99
1836,-17.70,1.20,-17.70,1.02,73.60,-1.75,14.80,-0.20,0.75,397.00,452.00,426.00,11.40,-1.02,-1.38
1837,-18.90,1.21,-19.20,1.43,56.40,0.17,14.50,0.20,0.86,231.00,304.00,325.00,4.27,-1.27,-1.51
1838,-18.70,1.58,-19.10,1.59,49.10,0.89,14.60,-0.63,0.65,338.00,400.00,558.00,8.33,-0.52,-0.41
1839,-16.50,1.45,-17.80,1.30,53.80,-0.20,14.80,0.13,0.65,282.00,287.00,269.00,8.37,-0.85,-0.25
1840,-18.70,0.93,-17.50,1.09,59.10,0.84,15.20,0.68,0.61,339.00,404.00,456.00,8.13,-0.83,-0.26
1841,-15.90,1.15,-16.80,1.28,64.80,0.73,15.50,1.37,0.73,317.00,373.00,479.00,5.33,-0.56,-0.12
1842,-18.90,1.16,-18.80,1.27,53.70,0.56,15.00,0.42,0.67,295.00,400.00,499.00,8.10,0.55,-0.39
1843,-18.00,0.96,-18.40,1.20,32.30,-0.41,15.10,0.24,0.78,326.00,380.00,372.00,9.01,0.16,-0.86
1844,-17.10,1.24,-17.10,1.25,21.90,-0.49,15.10,-0.71,0.75,285.00,348.00,340.00,7.20,0.94,0.08
1845,-17.40,1.08,-17.30,1.17,16.10,-0.02,14.70,-0.06,0.76,252.00,283.00,300.00,9.28,0.21,-0.82
1846,-17.60,1.19,-18.40,1.54,26.90,-0.14,15.00,0.13,0.67,387.00,426.00,458.00,8.66,0.56,0.49
1847,-17.00,1.47,-15.60,0.79,41.70,0.65,15.20,0.22,0.75,344.00,410.00,507.00,8.20,0.75,-0.34
1848,-18.80,0.68,-19.30,1.21,30.00,-0.31,15.40,-0.02,0.66,297.00,366.00,277.00,5.63,0.10,-0.35
1849,-18.90,1.54,-19.50,1.46,15.90,-0.68,14.60,-0.59,0.51,188.00,335.00,371.00,5.41,-0.39,0.26
1850,-18.50,1.04,-18.50,1.22,10.10,0.02,14.20,-0.15,0.58,322.00,374.00,382.00,7.75,0.55,-0.62
1851,-19.20,1.37,-19.70,1.34,6.60,0.71,14.80,2.03,0.70,289.00,372.00,373.00,6.77,0.04,0.51
1852,-18.50,1.54,-17.60,1.60,18.30,1.23,15.00,1.67,0.79,296.00,409.00,432.00,7.36,0.68,-0.52
1853,-17.40,0.90,-19.30,1.04,25.70,0.56,14.70,-0.24,0.60,314.00,362.00,427.00,7.60,0.67,-0.09
1854,-18.00,1.38,-18.40,1.33,20.30,-0.12,14.60,-0.46,0.80,395.00,486.00,514.00,8.10,1.13,-1.16
1855,-17.80,1.06,-17.40,1.38,21.70,-0.04,15.40,-0.18,0.77,377.00,379.00,370.00,10.20,0.05,-2.54
1856,-16.50,1.14,-16.70,1.37,34.00,-0.02,15.20,-0.32,0.62,246.00,315.00,332.00,8.28,-1.41,-0.75
1857,-17.90,1.30,-17.60,1.36,47.10,-0.37,15.30,-0.19,0.68,310.00,316.00,415.00,5.17,-0.30,-1.38
1858,-19.30,1.20,-19.00,1.43,61.10,-0.17,15.20,0.08,0.69,334.00,447.00,513.00,11.00,0.81,-0.46
1859,-18.80,1.23,-18.50,1.33,58.70,-0.14,15.10,0.47,0.73,310.00,427.00,526.00,6.84,-0.60,-0.03
1860,-18.60,1.26,-19.40,1.43,47.40,-0.59,14.90,0.76,0.63,357.00,387.00,371.00,8.92,0.49,-0.42
1861,-20.40,1.46,-20.30,1.48,65.00,-0.57,15.40,-0.20,0.82,294.00,398.00,384.00,10.30,0.73,0.59
1862,-17.60,1.24,-17.00,1.70,90.40,-0.62,15.50,0.18,0.85,371.00,557.00,718.00,6.99,-0.15,-2.99
1863,-17.90,1.19,-18.20,1.38,82.40,-1.31,15.60,0.08,0.78,308.00,398.00,556.00,4.81,0.03,0.01
1864,-19.20,1.30,-20.50,1.45,71.80,-0.36,15.40,-0.36,0.75,257.00,401.00,436.00,6.20,-0.50,-0.56
1865,-17.50,1.32,-17.30,1.46,57.60,-0.83,14.80,0.47,0.65,294.00,453.00,378.00,8.28,-0.32,-0.76
1866,-16.40,1.24,-14.50,1.43,49.70,-1.02,14.90,-0.03,0.77,377.00,434.00,540.00,8.89,-0.37,-2.80
1867,-19.00,1.58,-19.50,1.61,60.60,0.07,15.10,0.52,0.70,317.00,345.00,327.00,9.44,-1.03,-1.27
1868,-19.00,1.17,-20.30,1.45,60.50,-0.53,15.10,-0.56,0.71,358.00,433.00,456.00,8.90,-0.28,0.07
1869,-18.10,1.36,-18.10,1.74,44.70,-0.41,14.70,-0.27,0.75,275.00,375.00,348.00,9.27,-0.84,1.40
1870,-19.00,1.35,-19.10,1.66,55.10,0.37,15.10,0.02,0.56,357.00,395.00,382.00,11.30,-0.25,-0.57
1871,-19.40,1.17,-20.20,1.24,84.70,1.43,15.70,0.38,0.75,298.00,445.00,572.00,8.25,-0.59,-0.45
1872,-19.30,1.24,-19.30,1.43,93.70,1.09,15.50,-0.49,0.75,304.00,349.00,346.00,8.33,0.44,-2.97
1873,-19.30,1.30,-19.10,1.40,95.90,-0.57,15.00,-0.32,0.83,348.00,434.00,517.00,8.81,0.52,-0.62
1874,-20.30,1.37,-20.00,1.42,59.60,-0.55,15.50,0.26,0.97,312.00,372.00,480.00,8.58,-0.54,-0.07
1875,-20.00,1.90,-20.20,1.54,26.70,0.81,15.60,0.30,0.99,368.00,368.00,322.00,5.80,0.36,0.47
1876,-18.40,1.38,-18.50,1.52,41.00,1.04,15.10,-0.76,0.75,284.00,405.00,328.00,9.70,0.46,-0.67
1877,-18.00,1.43,-19.00,1.49,47.10,0.24,15.00,2.12,0.71,291.00,331.00,373.00,8.34,-0.98,-0.45
1878,-14.90,2.12,-15.60,1.95,34.30,0.64,15.00,1.57,0.94,287.00,359.00,389.00,10.20,-0.04,-0.64
1879,-18.80,1.45,-18.00,2.03,32.70,0.05,14.70,0.13,0.97,304.00,358.00,354.00,7.74,0.20,-1.97
1880,-17.50,1.18,-17.90,1.25,42.20,0.45,14.90,-0.18,0.83,249.00,376.00,473.00,8.75,-1.05,-0.15
1881,-16.40,1.38,-16.50,1.72,58.30,-0.14,14.50,0.31,0.78,289.00,344.00,388.00,9.20,-1.34,-0.57
1882,-18.10,1.16,-18.20,1.20,77.30,-0.91,15.00,0.25,0.83,307.00,371.00,494.00,8.38,0.30,-2.41
1883,-17.60,1.20,-18.10,1.55,86.60,-0.34,15.70,0.44,0.87,369.00,402.00,410.00,8.77,1.13,-2.29
1884,-18.50,1.37,-19.40,1.53,91.90,-0.44,15.50,-0.37,1.08,367.00,443.00,563.00,7.33,0.00,-3.40
1885,-18.50,1.61,-19.00,2.00,74.60,-0.98,15.10,-0.02,1.10,352.00,427.00,313.00,8.69,-1.26,-2.18
1886,-18.80,1.21,-18.80,1.31,57.00,-0.69,15.20,-0.35,1.01,346.00,478.00,617.00,6.47,-0.24,-1.40
1887,-17.20,1.40,-16.90,1.45,39.00,0.01,14.80,-0.27,0.96,267.00,261.00,224.00,5.44,-0.83,-0.05
1888,-16.60,1.35,-17.00,1.70,37.90,0.83,15.00,0.84,0.90,385.00,495.00,520.00,9.07,-0.79,-0.37
1889,-18.70,1.18,-18.60,1.17,50.30,0.60,15.60,0.44,0.95,333.00,358.00,361.00,8.27,0.28,-1.71
1890,-18.50,1.34,-18.90,1.47,55.70,-0.75,15.60,-0.02,0.85,221.00,306.00,298.00,9.13,0.47,-0.66
1891,-18.40,1.17,-18.70,1.46,59.30,-0.19,14.50,-0.12,0.80,356.00,438.00,400.00,8.39,-0.55,-3.55
1892,-17.90,1.53,-18.20,1.60,82.60,-0.16,14.70,0.06,0.82,286.00,433.00,480.00,5.43,-1.58,-0.67
1893,-19.80,1.27,-20.30,1.55,94.60,0.03,15.00,0.34,0.69,306.00,315.00,346.00,6.14,-0.61,-0.57
1894,-19.50,1.24,-20.30,1.37,73.00,0.68,15.30,0.07,0.86,232.00,349.00,346.00,7.28,0.53,-0.24
1895,-18.40,1.79,-19.20,2.14,48.20,0.86,15.50,0.18,0.97,360.00,454.00,539.00,8.14,0.68,-1.41
1896,-15.90,1.36,-17.00,1.28,20.30,0.17,15.10,-0.26,1.08,321.00,333.00,282.00,6.29,0.06,-0.42
1897,-16.70,1.16,-17.60,1.55,37.10,-0.46,14.80,1.07,0.92,276.00,351.00,410.00,9.27,0.71,0.49
1898,-18.30,1.09,-18.70,1.26,69.70,0.20,14.50,0.49,0.86,300.00,361.00,331.00,8.66,0.10,-0.30
1899,-17.80,1.48,-18.50,1.53,71.70,-0.67,13.10,-0.72,1.15,367.00,368.00,367.00,6.86,-1.36,-1.22
1900,-15.70,0.91,-16.60,1.58,70.30,-0.89,14.80,-0.72,1.12,344.00,508.00,539.00,6.84,-0.38,0.16
1901,-15.50,1.05,-15.30,0.84,59.40,0.49,14.70,-0.77,1.15,372.00,450.00,452.00,9.77,0.85,-0.44
1902,-17.90,1.47,-17.20,1.73,56.30,0.96,14.30,0.15,0.86,237.00,357.00,424.00,12.00,-1.59,-0.54
1903,-18.60,1.18,-19.00,1.67,61.00,-0.70,14.70,-0.86,0.93,296.00,486.00,562.00,9.27,-1.27,-0.45
1904,-18.00,1.77,-18.70,1.60,71.00,-0.65,15.00,-0.29,1.20,278.00,263.00,285.00,7.29,-1.52,0.80
1905,-14.70,1.04,-14.80,1.49,81.00,-1.15,14.50,-0.02,0.82,353.00,341.00,337.00,6.18,-0.45,-0.48
1906,-15.50,1.00,-15.20,1.14,58.90,-1.39,14.90,-0.89,0.85,315.00,411.00,414.00,7.63,-0.44,-0.33
1907,-18.40,1.47,-18.20,1.30,54.50,-0.99,14.50,-0.33,0.82,376.00,394.00,439.00,8.24,-0.40,-0.39
1908,-19.80,1.62,-19.70,1.99,87.10,1.21,14.60,-0.02,0.90,306.00,465.00,476.00,7.38,-0.15,-0.14
1909,-19.20,1.07,-19.30,1.17,90.50,0.67,13.50,-0.19,1.06,373.00,457.00,496.00,7.65,-0.77,0.35
1910,-19.10,1.23,-20.00,1.56,74.70,-0.24,14.60,-0.39,1.04,318.00,311.00,371.00,6.92,-0.16,0.64
1911,-18.00,1.58,-18.00,1.80,87.10,0.18,14.90,1.21,1.15,226.00,271.00,232.00,9.20,-0.38,0.60
1912,-17.00,1.63,-16.70,1.52,97.20,0.02,14.40,1.37,1.02,346.00,476.00,567.00,11.50,0.06,-1.22
1913,-17.50,0.96,-17.30,1.44,82.00,-0.57,14.70,0.49,1.20,305.00,344.00,351.00,10.20,0.08,0.62
1914,-15.40,1.37,-15.80,1.58,74.30,-0.90,14.70,0.06,1.02,231.00,304.00,312.00,11.80,0.09,-0.42
1915,-17.30,1.08,-17.30,1.65,74.90,-0.18,15.60,0.10,0.95,339.00,405.00,421.00,5.57,0.11,0.85
1916,-17.00,1.81,-18.60,1.38,86.50,1.95,15.00,-0.14,1.09,303.00,328.00,431.00,6.79,-0.35,0.03
1917,-19.20,1.50,-19.10,1.63,100.00,-0.85,15.10,-0.36,1.00,353.00,473.00,498.00,9.00,0.18,-0.03
1918,-21.00,0.98,-18.30,2.11,100.00,-0.61,15.20,-0.16,1.14,319.00,342.00,315.00,6.18,0.71,-2.30
1919,-17.40,1.88,-17.90,0.98,100.00,-0.43,15.10,1.15,1.13,317.00,430.00,494.00,6.97,-0.09,-0.22
1920,-19.10,1.92,-19.60,1.94,100.00,-0.33,15.50,0.59,1.18,299.00,416.00,464.00,7.96,0.33,1.30
1921,-20.10,1.48,-20.20,1.64,98.10,-1.63,15.10,-0.63,1.18,351.00,392.00,295.00,6.58,0.29,0.95
1922,-18.80,1.52,-18.80,1.59,95.60,-0.73,15.00,-0.54,1.16,377.00,495.00,566.00,8.61,0.66,1.85
1923,-17.50,1.57,-17.10,1.98,98.30,0.04,14.50,0.32,1.15,309.00,382.00,453.00,7.10,-0.66,0.70
1924,-16.50,1.31,-16.90,1.43,100.00,-1.54,14.70,-0.26,0.96,370.00,404.00,388.00,7.52,0.49,0.08
1925,-17.00,1.43,-16.00,1.62,100.00,-0.34,14.70,-0.64,0.93,260.00,280.00,268.00,9.69,0.30,-1.58
1926,-15.50,1.50,-16.10,1.40,92.20,-0.50,15.10,-0.39,0.99,233.00,273.00,339.00,7.32,0.47,-0.15
1927,-17.60,0.57,-17.50,1.55,81.20,0.09,14.90,0.44,0.97,240.00,318.00,357.00,7.62,0.23,0.98
1928,-17.30,2.30,-16.90,1.24,92.60,0.64,15.10,0.10,1.04,359.00,479.00,583.00,8.50,-0.82,0.88
1929,-17.90,1.33,-18.00,1.72,100.00,1.39,14.30,-0.68,0.94,383.00,508.00,631.00,7.33,0.00,-1.20
1930,-17.30,1.72,-17.50,1.07,100.00,0.45,14.80,-0.15,0.90,315.00,425.00,396.00,10.60,1.00,-0.56
1931,-19.40,1.82,-18.90,2.18,79.70,0.88,14.70,0.06,1.17,287.00,398.00,341.00,8.19,-0.67,0.48
1932,-18.70,1.46,-19.10,1.58,52.80,1.82,15.10,-0.19,1.20,290.00,301.00,311.00,7.90,-0.32,0.99
1933,-17.90,1.27,-19.00,1.80,71.00,0.90,15.00,-0.56,1.23,255.00,391.00,473.00,11.50,0.65,-1.88
1934,-17.10,1.48,-18.50,1.58,86.40,1.22,14.90,-0.01,1.27,311.00,521.00,501.00,7.33,0.56,-0.72
1935,-16.00,1.27,-16.50,1.52,97.30,0.64,14.90,-0.85,1.16,264.00,376.00,371.00,8.39,-0.56,0.68
1936,-15.60,1.22,-15.50,1.30,83.40,0.50,15.20,0.35,0.97,324.00,394.00,393.00,9.77,-0.09,0.98
1937,-15.80,1.38,-15.60,1.44,65.40,-1.05,15.00,0.23,1.36,296.00,406.00,458.00,6.71,1.77,0.23
1938,-15.60,1.26,-16.00,1.29,77.70,-0.30,15.00,0.15,0.99,345.00,369.00,375.00,9.71,0.58,1.04
1939,-14.20,1.18,-15.50,1.69,82.50,1.23,15.70,-0.35,1.35,323.00,437.00,351.00,9.15,0.31,-0.99
1940,-14.70,1.38,-14.30,1.15,79.40,0.02,15.30,-0.09,1.33,305.00,340.00,348.00,11.10,0.20,0.53
1941,-17.20,0.66,-15.50,0.95,86.40,1.36,14.70,-0.23,1.22,285.00,327.00,333.00,6.73,-0.03,-0.17
1942,-15.20,1.49,-15.90,1.45,94.00,0.87,14.90,-0.18,1.39,295.00,436.00,392.00,9.30,0.11,1.14
1943,-17.50,1.45,-17.30,1.45,98.30,-0.85,14.90,-0.20,1.62,296.00,431.00,566.00,8.76,0.36,1.47
1944,-15.50,1.23,-15.50,1.54,72.50,-0.39,15.00,0.70,1.65,312.00,387.00,406.00,9.89,0.12,0.26
1945,-18.10,1.61,-18.50,1.60,27.30,1.18,14.60,0.96,1.46,284.00,402.00,395.00,6.04,0.57,0.63
1946,-18.30,1.47,-18.40,1.88,33.80,1.16,14.50,-0.51,1.56,423.00,445.00,429.00,7.45,0.48,-0.07
1947,-16.90,1.48,-16.80,1.69,37.80,1.00,15.20,-1.21,1.27,303.00,428.00,449.00,9.24,0.69,-2.37
1948,-17.80,1.11,-18.00,1.50,37.10,-0.20,15.20,-1.04,1.43,338.00,396.00,371.00,8.85,0.00,-0.23
1949,-17.60,1.55,-18.50,1.83,67.50,-1.35,14.80,0.32,1.23,381.00,471.00,461.00,7.14,-0.21,-1.34
1950,-18.60,1.85,-19.10,1.65,97.50,-0.30,14.80,-0.62,1.45,291.00,319.00,252.00,7.61,0.83,0.71
1951,-17.90,1.68,-19.00,1.10,83.10,0.05,15.30,-0.76,1.33,284.00,371.00,379.00,9.51,-0.13,0.10
1952,-16.30,0.91,-18.80,1.51,85.30,0.63,14.00,0.25,1.43,306.00,395.00,439.00,8.75,-0.13,0.78
1953,-18.70,1.06,-19.80,1.47,99.70,0.83,14.70,0.19,1.41,290.00,376.00,468.00,8.05,0.95,1.10
1954,-18.10,1.57,-18.70,1.85,88.30,-0.27,15.10,-0.16,1.34,270.00,383.00,338.00,7.57,0.12,1.11
1955,-19.20,1.03,-17.70,1.45,79.50,-0.14,15.00,0.72,1.31,223.00,320.00,313.00,8.43,0.02,1.01
1956,-16.90,1.69,-16.10,1.31,75.70,-0.45,15.20,-0.02,1.17,351.00,298.00,401.00,11.20,-0.26,0.42
1957,-15.60,1.81,-16.20,1.20,87.80,-1.14,14.70,0.26,1.38,395.00,425.00,569.00,7.26,-0.15,1.30
1958,-16.10,1.46,-15.70,1.49,97.30,-0.18,14.70,-0.18,1.57,373.00,449.00,513.00,7.89,-0.08,-0.81
1959,-17.30,1.29,-18.30,1.36,85.20,0.74,15.20,0.07,1.36,356.00,408.00,466.00,7.30,0.83,0.92
1960,-18.10,1.79,-17.20,1.38,81.40,0.01,15.00,1.66,1.37,318.00,382.00,382.00,10.30,1.13,0.38
1961,-18.00,1.33,-17.90,1.16,79.80,0.65,15.30,0.66,1.44,355.00,382.00,481.00,9.70,0.05,0.56
1962,-18.10,1.66,-18.00,1.89,51.10,0.35,14.70,0.20,1.18,353.00,396.00,386.00,5.45,-0.45,1.03
1963,-17.10,1.34,-17.00,1.53,56.60,0.34,14.90,0.00,1.34,312.00,398.00,540.00,7.31,0.11,0.20
1964,-16.60,1.39,-16.50,2.03,95.00,1.02,14.80,-0.43,1.50,313.00,417.00,305.00,9.35,-0.21,-0.24
1965,-16.30,1.08,-16.30,2.28,98.80,0.86,14.80,-0.02,1.35,381.00,428.00,365.00,8.75,-0.82,0.28
1966,-16.00,1.59,-16.20,1.46,100.00,0.40,15.00,-0.72,1.31,271.00,377.00,479.00,9.15,0.07,-0.53
1967,-15.70,1.61,-16.40,1.17,100.00,-0.20,15.20,0.40,1.21,302.00,340.00,309.00,8.43,-0.22,1.15
1968,-15.00,0.90,-15.70,1.13,100.00,0.78,15.50,-0.05,1.38,304.00,355.00,377.00,8.87,-0.57,-1.76
1969,-16.20,1.56,-16.40,1.72,100.00,0.24,15.40,-0.43,1.28,359.00,414.00,459.00,9.05,0.55,-1.74
1970,-18.80,1.01,-19.10,1.31,100.00,-0.11,15.50,-0.16,1.38,263.00,324.00,465.00,9.35,0.37,-1.15
1971,-18.50,1.69,-19.20,1.69,100.00,-0.38,16.00,-1.27,1.55,290.00,380.00,476.00,8.47,-0.31,-0.77
1972,-19.20,1.32,-18.80,1.16,98.90,-0.37,15.10,-0.48,1.46,360.00,400.00,416.00,6.14,0.25,-0.51
1973,-19.80,0.87,-19.50,1.41,93.00,-0.17,15.60,1.02,1.62,362.00,545.00,585.00,9.98,0.30,-0.28
1974,-20.50,1.42,-19.00,1.75,94.80,0.08,15.60,-0.57,1.48,336.00,342.00,382.00,11.30,0.07,0.23
1975,-18.70,1.46,-18.80,1.16,97.70,0.25,15.20,0.38,1.74,319.00,357.00,478.00,8.34,-0.49,-2.20
1976,-17.90,1.18,-17.80,1.31,78.70,0.66,15.10,-0.40,1.58,357.00,440.00,455.00,10.10,0.08,0.32
1977,-18.00,1.10,-17.90,0.95,66.70,1.61,15.30,-0.90,1.58,284.00,292.00,332.00,9.69,-0.33,1.02
1978,-17.20,1.15,-17.40,0.97,58.50,0.60,15.40,0.85,1.85,359.00,386.00,436.00,5.12,-0.30,-1.96
1979,-17.30,1.81,-17.40,1.52,36.10,-1.67,15.60,1.63,1.62,262.00,376.00,402.00,5.07,0.06,-0.93
1980,-16.40,1.73,-15.70,1.46,43.60,-0.42,15.00,0.26,2.20,264.00,337.00,433.00,7.26,0.93,-0.96
